"latitude","longitude","incubation","season","sanctuary","locality","site","abc","station","prefixe","arms_name","arms_number","b_m_t","o_c","plate_number","Orientation","arms_campaign","image_id","image_name"
-21.0206,55.22983,2,"ETE","NON","Saint-Paul","Pain de sucre","A","RUNARMS1","RUNA","RUNA1A",1,"B","C",1,"U","RUNARMS",1959074,"RUNARMS1A_1U.jpg"
-21.0206,55.22983,2,"ETE","NON","Saint-Paul","Pain de sucre","A","RUNARMS1","RUNA","RUNA1A",1,"B","C",2,"D","RUNARMS",1959075,"RUNARMS1A_2D.jpg"
-21.0206,55.22983,2,"ETE","NON","Saint-Paul","Pain de sucre","A","RUNARMS1","RUNA","RUNA1A",1,"B","O",2,"U","RUNARMS",1959076,"RUNARMS1A_2U.jpg"
-21.0206,55.22983,2,"ETE","NON","Saint-Paul","Pain de sucre","A","RUNARMS1","RUNA","RUNA1A",1,"B","O",3,"D","RUNARMS",1959077,"RUNARMS1A_3D.jpg"
-21.0206,55.22983,2,"ETE","NON","Saint-Paul","Pain de sucre","A","RUNARMS1","RUNA","RUNA1A",1,"M","C",3,"U","RUNARMS",1959078,"RUNARMS1A_3U.jpg"
-21.0206,55.22983,2,"ETE","NON","Saint-Paul","Pain de sucre","A","RUNARMS1","RUNA","RUNA1A",1,"M","C",4,"D","RUNARMS",1959079,"RUNARMS1A_4D.jpg"
-21.0206,55.22983,2,"ETE","NON","Saint-Paul","Pain de sucre","A","RUNARMS1","RUNA","RUNA1A",1,"M","O",4,"U","RUNARMS",1959080,"RUNARMS1A_4U.jpg"
-21.0206,55.22983,2,"ETE","NON","Saint-Paul","Pain de sucre","A","RUNARMS1","RUNA","RUNA1A",1,"M","O",5,"D","RUNARMS",1959081,"RUNARMS1A_5D.jpg"
-21.0206,55.22983,2,"ETE","NON","Saint-Paul","Pain de sucre","A","RUNARMS1","RUNA","RUNA1A",1,"M","C",5,"U","RUNARMS",1960442,"RUNARMS1A_5U.jpg"
-21.0206,55.22983,2,"ETE","NON","Saint-Paul","Pain de sucre","A","RUNARMS1","RUNA","RUNA1A",1,"M","C",6,"D","RUNARMS",1960443,"RUNARMS1A_6D.jpg"
-21.0206,55.22983,2,"ETE","NON","Saint-Paul","Pain de sucre","A","RUNARMS1","RUNA","RUNA1A",1,"M","O",6,"U","RUNARMS",1960444,"RUNARMS1A_6U.jpg"
-21.0206,55.22983,2,"ETE","NON","Saint-Paul","Pain de sucre","A","RUNARMS1","RUNA","RUNA1A",1,"M","O",7,"D","RUNARMS",1960445,"RUNARMS1A_7D.jpg"
-21.0206,55.22983,2,"ETE","NON","Saint-Paul","Pain de sucre","A","RUNARMS1","RUNA","RUNA1A",1,"T","C",7,"U","RUNARMS",1960446,"RUNARMS1A_7U.jpg"
-21.0206,55.22983,2,"ETE","NON","Saint-Paul","Pain de sucre","A","RUNARMS1","RUNA","RUNA1A",1,"T","C",8,"D","RUNARMS",1960447,"RUNARMS1A_8D.jpg"
-21.0206,55.22983,2,"ETE","NON","Saint-Paul","Pain de sucre","A","RUNARMS1","RUNA","RUNA1A",1,"T","O",8,"U","RUNARMS",1960448,"RUNARMS1A_8U.jpg"
-21.0206,55.22983,2,"ETE","NON","Saint-Paul","Pain de sucre","A","RUNARMS1","RUNA","RUNA1A",1,"T","O",9,"D","RUNARMS",1960449,"RUNARMS1A_9D.jpg"
-21.0206,55.22983,2,"ETE","NON","Saint-Paul","Pain de sucre","B","RUNARMS1","RUNA","RUNA1B",1,"B","C",1,"U","RUNARMS",1959091,"RUNARMS1B_1U.jpg"
-21.0206,55.22983,2,"ETE","NON","Saint-Paul","Pain de sucre","B","RUNARMS1","RUNA","RUNA1B",1,"B","C",2,"D","RUNARMS",1959092,"RUNARMS1B_2D.jpg"
-21.0206,55.22983,2,"ETE","NON","Saint-Paul","Pain de sucre","B","RUNARMS1","RUNA","RUNA1B",1,"B","O",2,"U","RUNARMS",1959093,"RUNARMS1B_2U.jpg"
-21.0206,55.22983,2,"ETE","NON","Saint-Paul","Pain de sucre","B","RUNARMS1","RUNA","RUNA1B",1,"B","O",3,"D","RUNARMS",1959094,"RUNARMS1B_3D.jpg"
-21.0206,55.22983,2,"ETE","NON","Saint-Paul","Pain de sucre","B","RUNARMS1","RUNA","RUNA1B",1,"M","C",3,"U","RUNARMS",1959095,"RUNARMS1B_3U.jpg"
-21.0206,55.22983,2,"ETE","NON","Saint-Paul","Pain de sucre","B","RUNARMS1","RUNA","RUNA1B",1,"M","C",4,"D","RUNARMS",1959096,"RUNARMS1B_4D.jpg"
-21.0206,55.22983,2,"ETE","NON","Saint-Paul","Pain de sucre","B","RUNARMS1","RUNA","RUNA1B",1,"M","O",4,"U","RUNARMS",1959097,"RUNARMS1B_4U.jpg"
-21.0206,55.22983,2,"ETE","NON","Saint-Paul","Pain de sucre","B","RUNARMS1","RUNA","RUNA1B",1,"M","O",5,"D","RUNARMS",1959098,"RUNARMS1B_5D.jpg"
-21.0206,55.22983,2,"ETE","NON","Saint-Paul","Pain de sucre","B","RUNARMS1","RUNA","RUNA1B",1,"M","C",5,"U","RUNARMS",1959099,"RUNARMS1B_5U.jpg"
-21.0206,55.22983,2,"ETE","NON","Saint-Paul","Pain de sucre","B","RUNARMS1","RUNA","RUNA1B",1,"M","C",6,"D","RUNARMS",1959100,"RUNARMS1B_6D.jpg"
-21.0206,55.22983,2,"ETE","NON","Saint-Paul","Pain de sucre","B","RUNARMS1","RUNA","RUNA1B",1,"M","O",6,"U","RUNARMS",1959101,"RUNARMS1B_6U.jpg"
-21.0206,55.22983,2,"ETE","NON","Saint-Paul","Pain de sucre","B","RUNARMS1","RUNA","RUNA1B",1,"M","O",7,"D","RUNARMS",1960451,"RUNARMS1B_7D.jpg"
-21.0206,55.22983,2,"ETE","NON","Saint-Paul","Pain de sucre","B","RUNARMS1","RUNA","RUNA1B",1,"T","C",7,"U","RUNARMS",1959103,"RUNARMS1B_7U.jpg"
-21.0206,55.22983,2,"ETE","NON","Saint-Paul","Pain de sucre","B","RUNARMS1","RUNA","RUNA1B",1,"T","C",8,"D","RUNARMS",1959104,"RUNARMS1B_8D.jpg"
-21.0206,55.22983,2,"ETE","NON","Saint-Paul","Pain de sucre","B","RUNARMS1","RUNA","RUNA1B",1,"T","O",8,"U","RUNARMS",1959105,"RUNARMS1B_8U.jpg"
-21.0206,55.22983,2,"ETE","NON","Saint-Paul","Pain de sucre","B","RUNARMS1","RUNA","RUNA1B",1,"T","O",9,"D","RUNARMS",1959106,"RUNARMS1B_9D.jpg"
-21.0206,55.22983,2,"ETE","NON","Saint-Paul","Pain de sucre","C","RUNARMS1","RUNA","RUNA1C",1,"B","C",1,"U","RUNARMS",1960452,"RUNARMS1C_1U.jpg"
-21.0206,55.22983,2,"ETE","NON","Saint-Paul","Pain de sucre","C","RUNARMS1","RUNA","RUNA1C",1,"B","C",2,"D","RUNARMS",1960453,"RUNARMS1C_2D.jpg"
-21.0206,55.22983,2,"ETE","NON","Saint-Paul","Pain de sucre","C","RUNARMS1","RUNA","RUNA1C",1,"B","O",2,"U","RUNARMS",1960454,"RUNARMS1C_2U.jpg"
-21.0206,55.22983,2,"ETE","NON","Saint-Paul","Pain de sucre","C","RUNARMS1","RUNA","RUNA1C",1,"B","O",3,"D","RUNARMS",1960455,"RUNARMS1C_3D.jpg"
-21.0206,55.22983,2,"ETE","NON","Saint-Paul","Pain de sucre","C","RUNARMS1","RUNA","RUNA1C",1,"M","C",3,"U","RUNARMS",1960456,"RUNARMS1C_3U.jpg"
-21.0206,55.22983,2,"ETE","NON","Saint-Paul","Pain de sucre","C","RUNARMS1","RUNA","RUNA1C",1,"M","C",4,"D","RUNARMS",1960457,"RUNARMS1C_4D.jpg"
-21.0206,55.22983,2,"ETE","NON","Saint-Paul","Pain de sucre","C","RUNARMS1","RUNA","RUNA1C",1,"M","O",4,"U","RUNARMS",1960458,"RUNARMS1C_4U.jpg"
-21.0206,55.22983,2,"ETE","NON","Saint-Paul","Pain de sucre","C","RUNARMS1","RUNA","RUNA1C",1,"M","O",5,"D","RUNARMS",1960459,"RUNARMS1C_5D.jpg"
-21.0206,55.22983,2,"ETE","NON","Saint-Paul","Pain de sucre","C","RUNARMS1","RUNA","RUNA1C",1,"M","C",5,"U","RUNARMS",1960460,"RUNARMS1C_5U.jpg"
-21.0206,55.22983,2,"ETE","NON","Saint-Paul","Pain de sucre","C","RUNARMS1","RUNA","RUNA1C",1,"M","C",6,"D","RUNARMS",1960461,"RUNARMS1C_6D.jpg"
-21.0206,55.22983,2,"ETE","NON","Saint-Paul","Pain de sucre","C","RUNARMS1","RUNA","RUNA1C",1,"M","O",6,"U","RUNARMS",1960462,"RUNARMS1C_6U.jpg"
-21.0206,55.22983,2,"ETE","NON","Saint-Paul","Pain de sucre","C","RUNARMS1","RUNA","RUNA1C",1,"M","O",7,"D","RUNARMS",1960463,"RUNARMS1C_7D.jpg"
-21.0206,55.22983,2,"ETE","NON","Saint-Paul","Pain de sucre","C","RUNARMS1","RUNA","RUNA1C",1,"T","C",7,"U","RUNARMS",1960464,"RUNARMS1C_7U.jpg"
-21.0206,55.22983,2,"ETE","NON","Saint-Paul","Pain de sucre","C","RUNARMS1","RUNA","RUNA1C",1,"T","C",8,"D","RUNARMS",1960465,"RUNARMS1C_8D.jpg"
-21.0206,55.22983,2,"ETE","NON","Saint-Paul","Pain de sucre","C","RUNARMS1","RUNA","RUNA1C",1,"T","O",8,"U","RUNARMS",1960466,"RUNARMS1C_8U.jpg"
-21.0206,55.22983,2,"ETE","NON","Saint-Paul","Pain de sucre","C","RUNARMS1","RUNA","RUNA1C",1,"T","O",9,"D","RUNARMS",1960467,"RUNARMS1C_9D.jpg"
-21.10401,55.23598,2,"ETE","OUI","La Saline","Sanctuaire N","A","RUNARMS2","RUNA","RUNA2A",2,"B","C",1,"U","RUNARMS",1923602,"RUNARMS2A_1U.jpg"
-21.10401,55.23598,2,"ETE","OUI","La Saline","Sanctuaire N","A","RUNARMS2","RUNA","RUNA2A",2,"B","C",2,"D","RUNARMS",1923603,"RUNARMS2A_2D.jpg"
-21.10401,55.23598,2,"ETE","OUI","La Saline","Sanctuaire N","A","RUNARMS2","RUNA","RUNA2A",2,"B","O",2,"U","RUNARMS",1923604,"RUNARMS2A_2U.jpg"
-21.10401,55.23598,2,"ETE","OUI","La Saline","Sanctuaire N","A","RUNARMS2","RUNA","RUNA2A",2,"B","O",3,"D","RUNARMS",1923605,"RUNARMS2A_3D.jpg"
-21.10401,55.23598,2,"ETE","OUI","La Saline","Sanctuaire N","A","RUNARMS2","RUNA","RUNA2A",2,"M","C",3,"U","RUNARMS",1923606,"RUNARMS2A_3U.jpg"
-21.10401,55.23598,2,"ETE","OUI","La Saline","Sanctuaire N","A","RUNARMS2","RUNA","RUNA2A",2,"M","C",4,"D","RUNARMS",1923607,"RUNARMS2A_4D.jpg"
-21.10401,55.23598,2,"ETE","OUI","La Saline","Sanctuaire N","A","RUNARMS2","RUNA","RUNA2A",2,"M","O",4,"U","RUNARMS",1923608,"RUNARMS2A_4U.jpg"
-21.10401,55.23598,2,"ETE","OUI","La Saline","Sanctuaire N","A","RUNARMS2","RUNA","RUNA2A",2,"M","O",5,"D","RUNARMS",1923609,"RUNARMS2A_5D.jpg"
-21.10401,55.23598,2,"ETE","OUI","La Saline","Sanctuaire N","A","RUNARMS2","RUNA","RUNA2A",2,"M","C",5,"U","RUNARMS",1923610,"RUNARMS2A_5U.jpg"
-21.10401,55.23598,2,"ETE","OUI","La Saline","Sanctuaire N","A","RUNARMS2","RUNA","RUNA2A",2,"M","C",6,"D","RUNARMS",1923611,"RUNARMS2A_6D.jpg"
-21.10401,55.23598,2,"ETE","OUI","La Saline","Sanctuaire N","A","RUNARMS2","RUNA","RUNA2A",2,"M","O",6,"U","RUNARMS",1923612,"RUNARMS2A_6U.jpg"
-21.10401,55.23598,2,"ETE","OUI","La Saline","Sanctuaire N","A","RUNARMS2","RUNA","RUNA2A",2,"M","O",7,"D","RUNARMS",1923613,"RUNARMS2A_7D.jpg"
-21.10401,55.23598,2,"ETE","OUI","La Saline","Sanctuaire N","A","RUNARMS2","RUNA","RUNA2A",2,"T","C",7,"U","RUNARMS",1923614,"RUNARMS2A_7U.jpg"
-21.10401,55.23598,2,"ETE","OUI","La Saline","Sanctuaire N","A","RUNARMS2","RUNA","RUNA2A",2,"T","C",8,"D","RUNARMS",1923615,"RUNARMS2A_8D.jpg"
-21.10401,55.23598,2,"ETE","OUI","La Saline","Sanctuaire N","A","RUNARMS2","RUNA","RUNA2A",2,"T","O",8,"U","RUNARMS",1923616,"RUNARMS2A_8U.jpg"
-21.10401,55.23598,2,"ETE","OUI","La Saline","Sanctuaire N","A","RUNARMS2","RUNA","RUNA2A",2,"T","O",9,"D","RUNARMS",1923617,"RUNARMS2A_9D.jpg"
-21.10401,55.23598,2,"ETE","OUI","La Saline","Sanctuaire N","B","RUNARMS2","RUNA","RUNA2B",2,"B","C",1,"U","RUNARMS",1929742,"RUNARMS2B_1U.jpg"
-21.10401,55.23598,2,"ETE","OUI","La Saline","Sanctuaire N","B","RUNARMS2","RUNA","RUNA2B",2,"B","C",2,"D","RUNARMS",1929743,"RUNARMS2B_2D.jpg"
-21.10401,55.23598,2,"ETE","OUI","La Saline","Sanctuaire N","B","RUNARMS2","RUNA","RUNA2B",2,"B","O",2,"U","RUNARMS",1929744,"RUNARMS2B_2U.jpg"
-21.10401,55.23598,2,"ETE","OUI","La Saline","Sanctuaire N","B","RUNARMS2","RUNA","RUNA2B",2,"B","O",3,"D","RUNARMS",1929745,"RUNARMS2B_3D.jpg"
-21.10401,55.23598,2,"ETE","OUI","La Saline","Sanctuaire N","B","RUNARMS2","RUNA","RUNA2B",2,"M","C",3,"U","RUNARMS",1929747,"RUNARMS2B_3U.jpg"
-21.10401,55.23598,2,"ETE","OUI","La Saline","Sanctuaire N","B","RUNARMS2","RUNA","RUNA2B",2,"M","C",4,"D","RUNARMS",1929750,"RUNARMS2B_4D.jpg"
-21.10401,55.23598,2,"ETE","OUI","La Saline","Sanctuaire N","B","RUNARMS2","RUNA","RUNA2B",2,"M","O",4,"U","RUNARMS",1929754,"RUNARMS2B_4U.jpg"
-21.10401,55.23598,2,"ETE","OUI","La Saline","Sanctuaire N","B","RUNARMS2","RUNA","RUNA2B",2,"M","O",5,"D","RUNARMS",1929757,"RUNARMS2B_5D.jpg"
-21.10401,55.23598,2,"ETE","OUI","La Saline","Sanctuaire N","B","RUNARMS2","RUNA","RUNA2B",2,"M","C",5,"U","RUNARMS",1929762,"RUNARMS2B_5U.jpg"
-21.10401,55.23598,2,"ETE","OUI","La Saline","Sanctuaire N","B","RUNARMS2","RUNA","RUNA2B",2,"M","C",6,"D","RUNARMS",1929766,"RUNARMS2B_6D.jpg"
-21.10401,55.23598,2,"ETE","OUI","La Saline","Sanctuaire N","B","RUNARMS2","RUNA","RUNA2B",2,"M","O",6,"U","RUNARMS",1929767,"RUNARMS2B_6U.jpg"
-21.10401,55.23598,2,"ETE","OUI","La Saline","Sanctuaire N","B","RUNARMS2","RUNA","RUNA2B",2,"M","O",7,"D","RUNARMS",1929768,"RUNARMS2B_7D.jpg"
-21.10401,55.23598,2,"ETE","OUI","La Saline","Sanctuaire N","B","RUNARMS2","RUNA","RUNA2B",2,"T","C",7,"U","RUNARMS",1929769,"RUNARMS2B_7U.jpg"
-21.10401,55.23598,2,"ETE","OUI","La Saline","Sanctuaire N","B","RUNARMS2","RUNA","RUNA2B",2,"T","C",8,"D","RUNARMS",1929770,"RUNARMS2B_8D.jpg"
-21.10401,55.23598,2,"ETE","OUI","La Saline","Sanctuaire N","B","RUNARMS2","RUNA","RUNA2B",2,"T","O",8,"U","RUNARMS",1929771,"RUNARMS2B_8U.jpg"
-21.10401,55.23598,2,"ETE","OUI","La Saline","Sanctuaire N","B","RUNARMS2","RUNA","RUNA2B",2,"T","O",9,"D","RUNARMS",1929774,"RUNARMS2B_9D.jpg"
-21.10401,55.23598,2,"ETE","OUI","La Saline","Sanctuaire N","C","RUNARMS2","RUNA","RUNA2C",2,"B","C",1,"U","RUNARMS",1931109,"RUNARMS2C_1U.jpg"
-21.10401,55.23598,2,"ETE","OUI","La Saline","Sanctuaire N","C","RUNARMS2","RUNA","RUNA2C",2,"B","C",2,"D","RUNARMS",1931110,"RUNARMS2C_2D.jpg"
-21.10401,55.23598,2,"ETE","OUI","La Saline","Sanctuaire N","C","RUNARMS2","RUNA","RUNA2C",2,"B","O",2,"U","RUNARMS",1931111,"RUNARMS2C_2U.jpg"
-21.10401,55.23598,2,"ETE","OUI","La Saline","Sanctuaire N","C","RUNARMS2","RUNA","RUNA2C",2,"B","O",3,"D","RUNARMS",1931112,"RUNARMS2C_3D.jpg"
-21.10401,55.23598,2,"ETE","OUI","La Saline","Sanctuaire N","C","RUNARMS2","RUNA","RUNA2C",2,"M","C",3,"U","RUNARMS",1931113,"RUNARMS2C_3U.jpg"
-21.10401,55.23598,2,"ETE","OUI","La Saline","Sanctuaire N","C","RUNARMS2","RUNA","RUNA2C",2,"M","C",4,"D","RUNARMS",1931114,"RUNARMS2C_4D.jpg"
-21.10401,55.23598,2,"ETE","OUI","La Saline","Sanctuaire N","C","RUNARMS2","RUNA","RUNA2C",2,"M","O",4,"U","RUNARMS",1931115,"RUNARMS2C_4U.jpg"
-21.10401,55.23598,2,"ETE","OUI","La Saline","Sanctuaire N","C","RUNARMS2","RUNA","RUNA2C",2,"M","O",5,"D","RUNARMS",1931116,"RUNARMS2C_5D.jpg"
-21.10401,55.23598,2,"ETE","OUI","La Saline","Sanctuaire N","C","RUNARMS2","RUNA","RUNA2C",2,"M","C",5,"U","RUNARMS",1931117,"RUNARMS2C_5U.jpg"
-21.10401,55.23598,2,"ETE","OUI","La Saline","Sanctuaire N","C","RUNARMS2","RUNA","RUNA2C",2,"M","C",6,"D","RUNARMS",1931118,"RUNARMS2C_6D.jpg"
-21.10401,55.23598,2,"ETE","OUI","La Saline","Sanctuaire N","C","RUNARMS2","RUNA","RUNA2C",2,"M","O",6,"U","RUNARMS",1931119,"RUNARMS2C_6U.jpg"
-21.10401,55.23598,2,"ETE","OUI","La Saline","Sanctuaire N","C","RUNARMS2","RUNA","RUNA2C",2,"M","O",7,"D","RUNARMS",1931120,"RUNARMS2C_7D.jpg"
-21.10401,55.23598,2,"ETE","OUI","La Saline","Sanctuaire N","C","RUNARMS2","RUNA","RUNA2C",2,"T","C",7,"U","RUNARMS",1931121,"RUNARMS2C_7U.jpg"
-21.10401,55.23598,2,"ETE","OUI","La Saline","Sanctuaire N","C","RUNARMS2","RUNA","RUNA2C",2,"T","C",8,"D","RUNARMS",1931122,"RUNARMS2C_8D.jpg"
-21.10401,55.23598,2,"ETE","OUI","La Saline","Sanctuaire N","C","RUNARMS2","RUNA","RUNA2C",2,"T","O",8,"U","RUNARMS",1931123,"RUNARMS2C_8U.jpg"
-21.10411,55.23604,2,"ETE","OUI","La Saline","Sanctuaire N","C","RUNARMS2","RUNA","RUNA2C",2,"T","O",9,"D","RUNARMS",1931124,"RUNARMS2C_9D.jpg"
-21.10411,55.23604,2,"ETE","OUI","La Saline","Sanctuaire S","A","RUNARMS3","RUNA","RUNA3A",3,"B","C",1,"U","RUNARMS",1964316,"RUNARMS3A_1U.jpg"
-21.10411,55.23604,2,"ETE","OUI","La Saline","Sanctuaire S","A","RUNARMS3","RUNA","RUNA3A",3,"B","C",2,"D","RUNARMS",1964317,"RUNARMS3A_2D.jpg"
-21.10411,55.23604,2,"ETE","OUI","La Saline","Sanctuaire S","A","RUNARMS3","RUNA","RUNA3A",3,"B","O",2,"U","RUNARMS",1964319,"RUNARMS3A_2U.jpg"
-21.10411,55.23604,2,"ETE","OUI","La Saline","Sanctuaire S","A","RUNARMS3","RUNA","RUNA3A",3,"B","O",3,"D","RUNARMS",1964320,"RUNARMS3A_3D.jpg"
-21.10411,55.23604,2,"ETE","OUI","La Saline","Sanctuaire S","A","RUNARMS3","RUNA","RUNA3A",3,"M","C",3,"U","RUNARMS",1964321,"RUNARMS3A_3U.jpg"
-21.10411,55.23604,2,"ETE","OUI","La Saline","Sanctuaire S","A","RUNARMS3","RUNA","RUNA3A",3,"M","C",4,"D","RUNARMS",1964322,"RUNARMS3A_4D.jpg"
-21.10411,55.23604,2,"ETE","OUI","La Saline","Sanctuaire S","A","RUNARMS3","RUNA","RUNA3A",3,"M","O",4,"U","RUNARMS",1964323,"RUNARMS3A_4U.jpg"
-21.10411,55.23604,2,"ETE","OUI","La Saline","Sanctuaire S","A","RUNARMS3","RUNA","RUNA3A",3,"M","O",5,"D","RUNARMS",1964325,"RUNARMS3A_5D.jpg"
-21.10411,55.23604,2,"ETE","OUI","La Saline","Sanctuaire S","A","RUNARMS3","RUNA","RUNA3A",3,"M","C",5,"U","RUNARMS",1964326,"RUNARMS3A_5U.jpg"
-21.10411,55.23604,2,"ETE","OUI","La Saline","Sanctuaire S","A","RUNARMS3","RUNA","RUNA3A",3,"M","C",6,"D","RUNARMS",1964327,"RUNARMS3A_6D.jpg"
-21.10411,55.23604,2,"ETE","OUI","La Saline","Sanctuaire S","A","RUNARMS3","RUNA","RUNA3A",3,"M","O",6,"U","RUNARMS",1964329,"RUNARMS3A_6U.jpg"
-21.10411,55.23604,2,"ETE","OUI","La Saline","Sanctuaire S","A","RUNARMS3","RUNA","RUNA3A",3,"M","O",7,"D","RUNARMS",1964330,"RUNARMS3A_7D.jpg"
-21.10411,55.23604,2,"ETE","OUI","La Saline","Sanctuaire S","A","RUNARMS3","RUNA","RUNA3A",3,"T","C",7,"U","RUNARMS",1964331,"RUNARMS3A_7U.jpg"
-21.10411,55.23604,2,"ETE","OUI","La Saline","Sanctuaire S","A","RUNARMS3","RUNA","RUNA3A",3,"T","C",8,"D","RUNARMS",1964417,"RUNARMS3A_8D.jpg"
-21.10411,55.23604,2,"ETE","OUI","La Saline","Sanctuaire S","A","RUNARMS3","RUNA","RUNA3A",3,"T","O",8,"U","RUNARMS",1964334,"RUNARMS3A_8U.jpg"
-21.10411,55.23604,2,"ETE","OUI","La Saline","Sanctuaire S","A","RUNARMS3","RUNA","RUNA3A",3,"T","O",9,"D","RUNARMS",1964337,"RUNARMS3A_9D.jpg"
-21.10411,55.23604,2,"ETE","OUI","La Saline","Sanctuaire S","B","RUNARMS3","RUNA","RUNA3B",3,"B","C",1,"U","RUNARMS",1966880,"RUNARMS3B_1U.jpg"
-21.10411,55.23604,2,"ETE","OUI","La Saline","Sanctuaire S","B","RUNARMS3","RUNA","RUNA3B",3,"B","C",2,"D","RUNARMS",1966881,"RUNARMS3B_2D.jpg"
-21.10411,55.23604,2,"ETE","OUI","La Saline","Sanctuaire S","B","RUNARMS3","RUNA","RUNA3B",3,"B","O",2,"U","RUNARMS",1966882,"RUNARMS3B_2U.jpg"
-21.10411,55.23604,2,"ETE","OUI","La Saline","Sanctuaire S","B","RUNARMS3","RUNA","RUNA3B",3,"B","O",3,"D","RUNARMS",1966883,"RUNARMS3B_3D.jpg"
-21.10411,55.23604,2,"ETE","OUI","La Saline","Sanctuaire S","B","RUNARMS3","RUNA","RUNA3B",3,"M","C",3,"U","RUNARMS",1966884,"RUNARMS3B_3U.jpg"
-21.10411,55.23604,2,"ETE","OUI","La Saline","Sanctuaire S","B","RUNARMS3","RUNA","RUNA3B",3,"M","C",4,"D","RUNARMS",1966885,"RUNARMS3B_4D.jpg"
-21.10411,55.23604,2,"ETE","OUI","La Saline","Sanctuaire S","B","RUNARMS3","RUNA","RUNA3B",3,"M","O",4,"U","RUNARMS",1966886,"RUNARMS3B_4U.jpg"
-21.10411,55.23604,2,"ETE","OUI","La Saline","Sanctuaire S","B","RUNARMS3","RUNA","RUNA3B",3,"M","O",5,"D","RUNARMS",1966887,"RUNARMS3B_5D.jpg"
-21.10411,55.23604,2,"ETE","OUI","La Saline","Sanctuaire S","B","RUNARMS3","RUNA","RUNA3B",3,"M","C",5,"U","RUNARMS",1966888,"RUNARMS3B_5U.jpg"
-21.10411,55.23604,2,"ETE","OUI","La Saline","Sanctuaire S","B","RUNARMS3","RUNA","RUNA3B",3,"M","C",6,"D","RUNARMS",1966889,"RUNARMS3B_6D.jpg"
-21.10411,55.23604,2,"ETE","OUI","La Saline","Sanctuaire S","B","RUNARMS3","RUNA","RUNA3B",3,"M","O",6,"U","RUNARMS",1966890,"RUNARMS3B_6U.jpg"
-21.10411,55.23604,2,"ETE","OUI","La Saline","Sanctuaire S","B","RUNARMS3","RUNA","RUNA3B",3,"M","O",7,"D","RUNARMS",1966891,"RUNARMS3B_7D.jpg"
-21.10411,55.23604,2,"ETE","OUI","La Saline","Sanctuaire S","B","RUNARMS3","RUNA","RUNA3B",3,"T","C",7,"U","RUNARMS",1966892,"RUNARMS3B_7U.jpg"
-21.10411,55.23604,2,"ETE","OUI","La Saline","Sanctuaire S","B","RUNARMS3","RUNA","RUNA3B",3,"T","C",8,"D","RUNARMS",1966893,"RUNARMS3B_8D.jpg"
-21.10411,55.23604,2,"ETE","OUI","La Saline","Sanctuaire S","B","RUNARMS3","RUNA","RUNA3B",3,"T","O",8,"U","RUNARMS",1966894,"RUNARMS3B_8U.jpg"
-21.10411,55.23604,2,"ETE","OUI","La Saline","Sanctuaire S","B","RUNARMS3","RUNA","RUNA3B",3,"T","O",9,"D","RUNARMS",1966895,"RUNARMS3B_9D.jpg"
-21.10411,55.23604,2,"ETE","OUI","La Saline","Sanctuaire S","C","RUNARMS3","RUNA","RUNA3C",3,"B","C",1,"U","RUNARMS",1966897,"RUNARMS3C_1U.jpg"
-21.10411,55.23604,2,"ETE","OUI","La Saline","Sanctuaire S","C","RUNARMS3","RUNA","RUNA3C",3,"B","C",2,"D","RUNARMS",1966898,"RUNARMS3C_2D.jpg"
-21.10411,55.23604,2,"ETE","OUI","La Saline","Sanctuaire S","C","RUNARMS3","RUNA","RUNA3C",3,"B","O",2,"U","RUNARMS",1966899,"RUNARMS3C_2U.jpg"
-21.10411,55.23604,2,"ETE","OUI","La Saline","Sanctuaire S","C","RUNARMS3","RUNA","RUNA3C",3,"B","O",3,"D","RUNARMS",1966900,"RUNARMS3C_3D.jpg"
-21.10411,55.23604,2,"ETE","OUI","La Saline","Sanctuaire S","C","RUNARMS3","RUNA","RUNA3C",3,"M","C",3,"U","RUNARMS",1966901,"RUNARMS3C_3U.jpg"
-21.10411,55.23604,2,"ETE","OUI","La Saline","Sanctuaire S","C","RUNARMS3","RUNA","RUNA3C",3,"M","C",4,"D","RUNARMS",1966902,"RUNARMS3C_4D.jpg"
-21.10411,55.23604,2,"ETE","OUI","La Saline","Sanctuaire S","C","RUNARMS3","RUNA","RUNA3C",3,"M","O",4,"U","RUNARMS",1966903,"RUNARMS3C_4U.jpg"
-21.10411,55.23604,2,"ETE","OUI","La Saline","Sanctuaire S","C","RUNARMS3","RUNA","RUNA3C",3,"M","O",5,"D","RUNARMS",1966904,"RUNARMS3C_5D.jpg"
-21.10411,55.23604,2,"ETE","OUI","La Saline","Sanctuaire S","C","RUNARMS3","RUNA","RUNA3C",3,"M","C",5,"U","RUNARMS",1966905,"RUNARMS3C_5U.jpg"
-21.10411,55.23604,2,"ETE","OUI","La Saline","Sanctuaire S","C","RUNARMS3","RUNA","RUNA3C",3,"M","C",6,"D","RUNARMS",1966906,"RUNARMS3C_6D.jpg"
-21.10411,55.23604,2,"ETE","OUI","La Saline","Sanctuaire S","C","RUNARMS3","RUNA","RUNA3C",3,"M","O",6,"U","RUNARMS",1966907,"RUNARMS3C_6U.jpg"
-21.10411,55.23604,2,"ETE","OUI","La Saline","Sanctuaire S","C","RUNARMS3","RUNA","RUNA3C",3,"M","O",7,"D","RUNARMS",1966908,"RUNARMS3C_7D.jpg"
-21.10411,55.23604,2,"ETE","OUI","La Saline","Sanctuaire S","C","RUNARMS3","RUNA","RUNA3C",3,"T","C",7,"U","RUNARMS",1966909,"RUNARMS3C_7U.jpg"
-21.10411,55.23604,2,"ETE","OUI","La Saline","Sanctuaire S","C","RUNARMS3","RUNA","RUNA3C",3,"T","C",8,"D","RUNARMS",1966910,"RUNARMS3C_8D.jpg"
-21.10411,55.23604,2,"ETE","OUI","La Saline","Sanctuaire S","C","RUNARMS3","RUNA","RUNA3C",3,"T","O",8,"U","RUNARMS",1966911,"RUNARMS3C_8U.jpg"
-21.10411,55.23604,2,"ETE","OUI","La Saline","Sanctuaire S","C","RUNARMS3","RUNA","RUNA3C",3,"T","O",9,"D","RUNARMS",1966912,"RUNARMS3C_9D.jpg"
-21.17256,55.28228,2,"ETE","OUI","Saint-Leu","Varangue N","A","RUNARMS4","RUNA","RUNA4A",4,"B","C",1,"U","RUNARMS",1963843,"RUNARMS4A_1U.jpg"
-21.17256,55.28228,2,"ETE","OUI","Saint-Leu","Varangue N","A","RUNARMS4","RUNA","RUNA4A",4,"B","C",2,"D","RUNARMS",1963844,"RUNARMS4A_2D.jpg"
-21.17256,55.28228,2,"ETE","OUI","Saint-Leu","Varangue N","A","RUNARMS4","RUNA","RUNA4A",4,"B","O",2,"U","RUNARMS",1963845,"RUNARMS4A_2U.jpg"
-21.17256,55.28228,2,"ETE","OUI","Saint-Leu","Varangue N","A","RUNARMS4","RUNA","RUNA4A",4,"B","O",3,"D","RUNARMS",1963846,"RUNARMS4A_3D.jpg"
-21.17256,55.28228,2,"ETE","OUI","Saint-Leu","Varangue N","A","RUNARMS4","RUNA","RUNA4A",4,"M","C",3,"U","RUNARMS",1963847,"RUNARMS4A_3U.jpg"
-21.17256,55.28228,2,"ETE","OUI","Saint-Leu","Varangue N","A","RUNARMS4","RUNA","RUNA4A",4,"M","C",4,"D","RUNARMS",1963848,"RUNARMS4A_4D.jpg"
-21.17256,55.28228,2,"ETE","OUI","Saint-Leu","Varangue N","A","RUNARMS4","RUNA","RUNA4A",4,"M","O",4,"U","RUNARMS",1963849,"RUNARMS4A_4U.jpg"
-21.17256,55.28228,2,"ETE","OUI","Saint-Leu","Varangue N","A","RUNARMS4","RUNA","RUNA4A",4,"M","O",5,"D","RUNARMS",1963850,"RUNARMS4A_5D.jpg"
-21.17256,55.28228,2,"ETE","OUI","Saint-Leu","Varangue N","A","RUNARMS4","RUNA","RUNA4A",4,"M","C",5,"U","RUNARMS",1963851,"RUNARMS4A_5U.jpg"
-21.17256,55.28228,2,"ETE","OUI","Saint-Leu","Varangue N","A","RUNARMS4","RUNA","RUNA4A",4,"M","C",6,"D","RUNARMS",1963852,"RUNARMS4A_6D.jpg"
-21.17256,55.28228,2,"ETE","OUI","Saint-Leu","Varangue N","A","RUNARMS4","RUNA","RUNA4A",4,"M","O",6,"U","RUNARMS",1963853,"RUNARMS4A_6U.jpg"
-21.17256,55.28228,2,"ETE","OUI","Saint-Leu","Varangue N","A","RUNARMS4","RUNA","RUNA4A",4,"M","O",7,"D","RUNARMS",1963854,"RUNARMS4A_7D.jpg"
-21.17256,55.28228,2,"ETE","OUI","Saint-Leu","Varangue N","A","RUNARMS4","RUNA","RUNA4A",4,"T","C",7,"U","RUNARMS",1963855,"RUNARMS4A_7U.jpg"
-21.17256,55.28228,2,"ETE","OUI","Saint-Leu","Varangue N","A","RUNARMS4","RUNA","RUNA4A",4,"T","C",8,"D","RUNARMS",1963856,"RUNARMS4A_8D.jpg"
-21.17256,55.28228,2,"ETE","OUI","Saint-Leu","Varangue N","A","RUNARMS4","RUNA","RUNA4A",4,"T","O",8,"U","RUNARMS",1963857,"RUNARMS4A_8U.jpg"
-21.17256,55.28228,2,"ETE","OUI","Saint-Leu","Varangue N","A","RUNARMS4","RUNA","RUNA4A",4,"T","O",9,"D","RUNARMS",1963858,"RUNARMS4A_9D.jpg"
-21.17256,55.28228,2,"ETE","OUI","Saint-Leu","Varangue N","B","RUNARMS4","RUNA","RUNA4B",4,"B","C",1,"U","RUNARMS",1963860,"RUNARMS4B_1U.jpg"
-21.17256,55.28228,2,"ETE","OUI","Saint-Leu","Varangue N","B","RUNARMS4","RUNA","RUNA4B",4,"B","C",2,"D","RUNARMS",1963861,"RUNARMS4B_2D.jpg"
-21.17256,55.28228,2,"ETE","OUI","Saint-Leu","Varangue N","B","RUNARMS4","RUNA","RUNA4B",4,"B","O",2,"U","RUNARMS",1963862,"RUNARMS4B_2U.jpg"
-21.17256,55.28228,2,"ETE","OUI","Saint-Leu","Varangue N","B","RUNARMS4","RUNA","RUNA4B",4,"B","O",3,"D","RUNARMS",1963863,"RUNARMS4B_3D.jpg"
-21.17256,55.28228,2,"ETE","OUI","Saint-Leu","Varangue N","B","RUNARMS4","RUNA","RUNA4B",4,"M","C",3,"U","RUNARMS",1963864,"RUNARMS4B_3U.jpg"
-21.17256,55.28228,2,"ETE","OUI","Saint-Leu","Varangue N","B","RUNARMS4","RUNA","RUNA4B",4,"M","C",4,"D","RUNARMS",1963865,"RUNARMS4B_4D.jpg"
-21.17256,55.28228,2,"ETE","OUI","Saint-Leu","Varangue N","B","RUNARMS4","RUNA","RUNA4B",4,"M","O",4,"U","RUNARMS",1963866,"RUNARMS4B_4U.jpg"
-21.17256,55.28228,2,"ETE","OUI","Saint-Leu","Varangue N","B","RUNARMS4","RUNA","RUNA4B",4,"M","O",5,"D","RUNARMS",1963867,"RUNARMS4B_5D.jpg"
-21.17256,55.28228,2,"ETE","OUI","Saint-Leu","Varangue N","B","RUNARMS4","RUNA","RUNA4B",4,"M","C",5,"U","RUNARMS",1963868,"RUNARMS4B_5U.jpg"
-21.17256,55.28228,2,"ETE","OUI","Saint-Leu","Varangue N","B","RUNARMS4","RUNA","RUNA4B",4,"M","C",6,"D","RUNARMS",1963869,"RUNARMS4B_6D.jpg"
-21.17256,55.28228,2,"ETE","OUI","Saint-Leu","Varangue N","B","RUNARMS4","RUNA","RUNA4B",4,"M","O",6,"U","RUNARMS",1963870,"RUNARMS4B_6U.jpg"
-21.17256,55.28228,2,"ETE","OUI","Saint-Leu","Varangue N","B","RUNARMS4","RUNA","RUNA4B",4,"M","O",7,"D","RUNARMS",1963871,"RUNARMS4B_7D.jpg"
-21.17256,55.28228,2,"ETE","OUI","Saint-Leu","Varangue N","B","RUNARMS4","RUNA","RUNA4B",4,"T","C",7,"U","RUNARMS",1963872,"RUNARMS4B_7U.jpg"
-21.17256,55.28228,2,"ETE","OUI","Saint-Leu","Varangue N","B","RUNARMS4","RUNA","RUNA4B",4,"T","C",8,"D","RUNARMS",1963873,"RUNARMS4B_8D.jpg"
-21.17256,55.28228,2,"ETE","OUI","Saint-Leu","Varangue N","B","RUNARMS4","RUNA","RUNA4B",4,"T","O",8,"U","RUNARMS",1963874,"RUNARMS4B_8U.jpg"
-21.17256,55.28228,2,"ETE","OUI","Saint-Leu","Varangue N","B","RUNARMS4","RUNA","RUNA4B",4,"T","O",9,"D","RUNARMS",1963875,"RUNARMS4B_9D.jpg"
-21.17256,55.28228,2,"ETE","OUI","Saint-Leu","Varangue N","C","RUNARMS4","RUNA","RUNA4C",4,"B","C",1,"U","RUNARMS",1963907,"RUNARMS4C_1U.jpg"
-21.17256,55.28228,2,"ETE","OUI","Saint-Leu","Varangue N","C","RUNARMS4","RUNA","RUNA4C",4,"B","C",2,"D","RUNARMS",1963908,"RUNARMS4C_2D.jpg"
-21.17256,55.28228,2,"ETE","OUI","Saint-Leu","Varangue N","C","RUNARMS4","RUNA","RUNA4C",4,"B","O",2,"U","RUNARMS",1963909,"RUNARMS4C_2U.jpg"
-21.17256,55.28228,2,"ETE","OUI","Saint-Leu","Varangue N","C","RUNARMS4","RUNA","RUNA4C",4,"B","O",3,"D","RUNARMS",1963910,"RUNARMS4C_3D.jpg"
-21.17256,55.28228,2,"ETE","OUI","Saint-Leu","Varangue N","C","RUNARMS4","RUNA","RUNA4C",4,"M","C",3,"U","RUNARMS",1963911,"RUNARMS4C_3U.jpg"
-21.17256,55.28228,2,"ETE","OUI","Saint-Leu","Varangue N","C","RUNARMS4","RUNA","RUNA4C",4,"M","C",4,"D","RUNARMS",1963912,"RUNARMS4C_4D.jpg"
-21.17256,55.28228,2,"ETE","OUI","Saint-Leu","Varangue N","C","RUNARMS4","RUNA","RUNA4C",4,"M","O",4,"U","RUNARMS",1963913,"RUNARMS4C_4U.jpg"
-21.17256,55.28228,2,"ETE","OUI","Saint-Leu","Varangue N","C","RUNARMS4","RUNA","RUNA4C",4,"M","O",5,"D","RUNARMS",1963914,"RUNARMS4C_5D.jpg"
-21.17256,55.28228,2,"ETE","OUI","Saint-Leu","Varangue N","C","RUNARMS4","RUNA","RUNA4C",4,"M","C",5,"U","RUNARMS",1963915,"RUNARMS4C_5U.jpg"
-21.17256,55.28228,2,"ETE","OUI","Saint-Leu","Varangue N","C","RUNARMS4","RUNA","RUNA4C",4,"M","C",6,"D","RUNARMS",1963916,"RUNARMS4C_6D.jpg"
-21.17256,55.28228,2,"ETE","OUI","Saint-Leu","Varangue N","C","RUNARMS4","RUNA","RUNA4C",4,"M","O",6,"U","RUNARMS",1963917,"RUNARMS4C_6U.jpg"
-21.17256,55.28228,2,"ETE","OUI","Saint-Leu","Varangue N","C","RUNARMS4","RUNA","RUNA4C",4,"M","O",7,"D","RUNARMS",1963918,"RUNARMS4C_7D.jpg"
-21.17256,55.28228,2,"ETE","OUI","Saint-Leu","Varangue N","C","RUNARMS4","RUNA","RUNA4C",4,"T","C",7,"U","RUNARMS",1963919,"RUNARMS4C_7U.jpg"
-21.17256,55.28228,2,"ETE","OUI","Saint-Leu","Varangue N","C","RUNARMS4","RUNA","RUNA4C",4,"T","C",8,"D","RUNARMS",1963920,"RUNARMS4C_8D.jpg"
-21.17256,55.28228,2,"ETE","OUI","Saint-Leu","Varangue N","C","RUNARMS4","RUNA","RUNA4C",4,"T","O",8,"U","RUNARMS",1963921,"RUNARMS4C_8U.jpg"
-21.17256,55.28228,2,"ETE","OUI","Saint-Leu","Varangue N","C","RUNARMS4","RUNA","RUNA4C",4,"T","O",9,"D","RUNARMS",1963922,"RUNARMS4C_9D.jpg"
-21.17352,55.28249,2,"ETE","OUI","Saint-Leu","Varangue S","A","RUNARMS5","RUNA","RUNA5A",5,"B","C",1,"U","RUNARMS",1967085,"RUNARMS5A_1U.jpg"
-21.17352,55.28249,2,"ETE","OUI","Saint-Leu","Varangue S","A","RUNARMS5","RUNA","RUNA5A",5,"B","C",2,"D","RUNARMS",1967086,"RUNARMS5A_2D.jpg"
-21.17352,55.28249,2,"ETE","OUI","Saint-Leu","Varangue S","A","RUNARMS5","RUNA","RUNA5A",5,"B","O",2,"U","RUNARMS",1967087,"RUNARMS5A_2U.jpg"
-21.17352,55.28249,2,"ETE","OUI","Saint-Leu","Varangue S","A","RUNARMS5","RUNA","RUNA5A",5,"B","O",3,"D","RUNARMS",1967088,"RUNARMS5A_3D.jpg"
-21.17352,55.28249,2,"ETE","OUI","Saint-Leu","Varangue S","A","RUNARMS5","RUNA","RUNA5A",5,"M","C",3,"U","RUNARMS",1967089,"RUNARMS5A_3U.jpg"
-21.17352,55.28249,2,"ETE","OUI","Saint-Leu","Varangue S","A","RUNARMS5","RUNA","RUNA5A",5,"M","C",4,"D","RUNARMS",1967090,"RUNARMS5A_4D.jpg"
-21.17352,55.28249,2,"ETE","OUI","Saint-Leu","Varangue S","A","RUNARMS5","RUNA","RUNA5A",5,"M","O",4,"U","RUNARMS",1967091,"RUNARMS5A_4U.jpg"
-21.17352,55.28249,2,"ETE","OUI","Saint-Leu","Varangue S","A","RUNARMS5","RUNA","RUNA5A",5,"M","O",5,"D","RUNARMS",1967092,"RUNARMS5A_5D.jpg"
-21.17352,55.28249,2,"ETE","OUI","Saint-Leu","Varangue S","A","RUNARMS5","RUNA","RUNA5A",5,"M","C",5,"U","RUNARMS",1967093,"RUNARMS5A_5U.jpg"
-21.17352,55.28249,2,"ETE","OUI","Saint-Leu","Varangue S","A","RUNARMS5","RUNA","RUNA5A",5,"M","C",6,"D","RUNARMS",1967094,"RUNARMS5A_6D.jpg"
-21.17352,55.28249,2,"ETE","OUI","Saint-Leu","Varangue S","A","RUNARMS5","RUNA","RUNA5A",5,"M","O",6,"U","RUNARMS",1967095,"RUNARMS5A_6U.jpg"
-21.17352,55.28249,2,"ETE","OUI","Saint-Leu","Varangue S","A","RUNARMS5","RUNA","RUNA5A",5,"M","O",7,"D","RUNARMS",1967096,"RUNARMS5A_7D.jpg"
-21.17352,55.28249,2,"ETE","OUI","Saint-Leu","Varangue S","A","RUNARMS5","RUNA","RUNA5A",5,"T","C",7,"U","RUNARMS",1967097,"RUNARMS5A_7U.jpg"
-21.17352,55.28249,2,"ETE","OUI","Saint-Leu","Varangue S","A","RUNARMS5","RUNA","RUNA5A",5,"T","C",8,"D","RUNARMS",1967098,"RUNARMS5A_8D.jpg"
-21.17352,55.28249,2,"ETE","OUI","Saint-Leu","Varangue S","A","RUNARMS5","RUNA","RUNA5A",5,"T","O",8,"U","RUNARMS",1967099,"RUNARMS5A_8U.jpg"
-21.17352,55.28249,2,"ETE","OUI","Saint-Leu","Varangue S","A","RUNARMS5","RUNA","RUNA5A",5,"T","O",9,"D","RUNARMS",1967100,"RUNARMS5A_9D.jpg"
-21.17352,55.28249,2,"ETE","OUI","Saint-Leu","Varangue S","B","RUNARMS5","RUNA","RUNA5B",5,"B","C",1,"U","RUNARMS",1967102,"RUNARMS5B_1U.jpg"
-21.17352,55.28249,2,"ETE","OUI","Saint-Leu","Varangue S","B","RUNARMS5","RUNA","RUNA5B",5,"B","C",2,"D","RUNARMS",1967103,"RUNARMS5B_2D.jpg"
-21.17352,55.28249,2,"ETE","OUI","Saint-Leu","Varangue S","B","RUNARMS5","RUNA","RUNA5B",5,"B","O",2,"U","RUNARMS",1967104,"RUNARMS5B_2U.jpg"
-21.17352,55.28249,2,"ETE","OUI","Saint-Leu","Varangue S","B","RUNARMS5","RUNA","RUNA5B",5,"B","O",3,"D","RUNARMS",1967105,"RUNARMS5B_3D.jpg"
-21.17352,55.28249,2,"ETE","OUI","Saint-Leu","Varangue S","B","RUNARMS5","RUNA","RUNA5B",5,"M","C",3,"U","RUNARMS",1967106,"RUNARMS5B_3U.jpg"
-21.17352,55.28249,2,"ETE","OUI","Saint-Leu","Varangue S","B","RUNARMS5","RUNA","RUNA5B",5,"M","C",4,"D","RUNARMS",1967107,"RUNARMS5B_4D.jpg"
-21.17352,55.28249,2,"ETE","OUI","Saint-Leu","Varangue S","B","RUNARMS5","RUNA","RUNA5B",5,"M","O",4,"U","RUNARMS",1967108,"RUNARMS5B_4U.jpg"
-21.17352,55.28249,2,"ETE","OUI","Saint-Leu","Varangue S","B","RUNARMS5","RUNA","RUNA5B",5,"M","O",5,"D","RUNARMS",1967109,"RUNARMS5B_5D.jpg"
-21.17352,55.28249,2,"ETE","OUI","Saint-Leu","Varangue S","B","RUNARMS5","RUNA","RUNA5B",5,"M","C",5,"U","RUNARMS",1967110,"RUNARMS5B_5U.jpg"
-21.17352,55.28249,2,"ETE","OUI","Saint-Leu","Varangue S","B","RUNARMS5","RUNA","RUNA5B",5,"M","C",6,"D","RUNARMS",1967111,"RUNARMS5B_6D.jpg"
-21.17352,55.28249,2,"ETE","OUI","Saint-Leu","Varangue S","B","RUNARMS5","RUNA","RUNA5B",5,"M","O",6,"U","RUNARMS",1967112,"RUNARMS5B_6U.jpg"
-21.17352,55.28249,2,"ETE","OUI","Saint-Leu","Varangue S","B","RUNARMS5","RUNA","RUNA5B",5,"M","O",7,"D","RUNARMS",1967113,"RUNARMS5B_7D.jpg"
-21.17352,55.28249,2,"ETE","OUI","Saint-Leu","Varangue S","B","RUNARMS5","RUNA","RUNA5B",5,"T","C",7,"U","RUNARMS",1967114,"RUNARMS5B_7U.jpg"
-21.17352,55.28249,2,"ETE","OUI","Saint-Leu","Varangue S","B","RUNARMS5","RUNA","RUNA5B",5,"T","C",8,"D","RUNARMS",1967115,"RUNARMS5B_8D.jpg"
-21.17352,55.28249,2,"ETE","OUI","Saint-Leu","Varangue S","B","RUNARMS5","RUNA","RUNA5B",5,"T","O",8,"U","RUNARMS",1967116,"RUNARMS5B_8U.jpg"
-21.17352,55.28249,2,"ETE","OUI","Saint-Leu","Varangue S","B","RUNARMS5","RUNA","RUNA5B",5,"T","O",9,"D","RUNARMS",1967117,"RUNARMS5B_9D.jpg"
-21.17352,55.28249,2,"ETE","OUI","Saint-Leu","Varangue S","C","RUNARMS5","RUNA","RUNA5C",5,"B","C",1,"U","RUNARMS",1967830,"RUNARMS5C_1U.jpg"
-21.17352,55.28249,2,"ETE","OUI","Saint-Leu","Varangue S","C","RUNARMS5","RUNA","RUNA5C",5,"B","C",2,"D","RUNARMS",1967831,"RUNARMS5C_2D.jpg"
-21.17352,55.28249,2,"ETE","OUI","Saint-Leu","Varangue S","C","RUNARMS5","RUNA","RUNA5C",5,"B","O",2,"U","RUNARMS",1967832,"RUNARMS5C_2U.jpg"
-21.17352,55.28249,2,"ETE","OUI","Saint-Leu","Varangue S","C","RUNARMS5","RUNA","RUNA5C",5,"B","O",3,"D","RUNARMS",1967833,"RUNARMS5C_3D.jpg"
-21.17352,55.28249,2,"ETE","OUI","Saint-Leu","Varangue S","C","RUNARMS5","RUNA","RUNA5C",5,"M","C",3,"U","RUNARMS",1967834,"RUNARMS5C_3U.jpg"
-21.17352,55.28249,2,"ETE","OUI","Saint-Leu","Varangue S","C","RUNARMS5","RUNA","RUNA5C",5,"M","C",4,"D","RUNARMS",1967835,"RUNARMS5C_4D.jpg"
-21.17352,55.28249,2,"ETE","OUI","Saint-Leu","Varangue S","C","RUNARMS5","RUNA","RUNA5C",5,"M","O",4,"U","RUNARMS",1967836,"RUNARMS5C_4U.jpg"
-21.17352,55.28249,2,"ETE","OUI","Saint-Leu","Varangue S","C","RUNARMS5","RUNA","RUNA5C",5,"M","O",5,"D","RUNARMS",1967837,"RUNARMS5C_5D.jpg"
-21.17352,55.28249,2,"ETE","OUI","Saint-Leu","Varangue S","C","RUNARMS5","RUNA","RUNA5C",5,"M","C",5,"U","RUNARMS",1967838,"RUNARMS5C_5U.jpg"
-21.17352,55.28249,2,"ETE","OUI","Saint-Leu","Varangue S","C","RUNARMS5","RUNA","RUNA5C",5,"M","C",6,"D","RUNARMS",1967839,"RUNARMS5C_6D.jpg"
-21.17352,55.28249,2,"ETE","OUI","Saint-Leu","Varangue S","C","RUNARMS5","RUNA","RUNA5C",5,"M","O",6,"U","RUNARMS",1967840,"RUNARMS5C_6U.jpg"
-21.17352,55.28249,2,"ETE","OUI","Saint-Leu","Varangue S","C","RUNARMS5","RUNA","RUNA5C",5,"M","O",7,"D","RUNARMS",1967841,"RUNARMS5C_7D.jpg"
-21.17352,55.28249,2,"ETE","OUI","Saint-Leu","Varangue S","C","RUNARMS5","RUNA","RUNA5C",5,"T","C",7,"U","RUNARMS",1967842,"RUNARMS5C_7U.jpg"
-21.17352,55.28249,2,"ETE","OUI","Saint-Leu","Varangue S","C","RUNARMS5","RUNA","RUNA5C",5,"T","C",8,"D","RUNARMS",1967843,"RUNARMS5C_8D.jpg"
-21.17352,55.28249,2,"ETE","OUI","Saint-Leu","Varangue S","C","RUNARMS5","RUNA","RUNA5C",5,"T","O",8,"U","RUNARMS",1967844,"RUNARMS5C_8U.jpg"
-21.17352,55.28249,2,"ETE","OUI","Saint-Leu","Varangue S","C","RUNARMS5","RUNA","RUNA5C",5,"T","O",9,"D","RUNARMS",1967845,"RUNARMS5C_9D.jpg"
-21.19104,55.282821,2,"ETE","NON","Saint-Leu","Cimetiere","A","RUNARMS6","RUNA","RUNA6A",6,"B","C",1,"U","RUNARMS",1969442,"RUNARMS6A_1U.jpg"
-21.19104,55.282821,2,"ETE","NON","Saint-Leu","Cimetiere","A","RUNARMS6","RUNA","RUNA6A",6,"B","C",2,"D","RUNARMS",1969443,"RUNARMS6A_2D.jpg"
-21.19104,55.282821,2,"ETE","NON","Saint-Leu","Cimetiere","A","RUNARMS6","RUNA","RUNA6A",6,"B","O",2,"U","RUNARMS",1969444,"RUNARMS6A_2U.jpg"
-21.19104,55.282821,2,"ETE","NON","Saint-Leu","Cimetiere","A","RUNARMS6","RUNA","RUNA6A",6,"B","O",3,"D","RUNARMS",1969445,"RUNARMS6A_3D.jpg"
-21.19104,55.282821,2,"ETE","NON","Saint-Leu","Cimetiere","A","RUNARMS6","RUNA","RUNA6A",6,"M","C",3,"U","RUNARMS",1969446,"RUNARMS6A_3U.jpg"
-21.19104,55.282821,2,"ETE","NON","Saint-Leu","Cimetiere","A","RUNARMS6","RUNA","RUNA6A",6,"M","C",4,"D","RUNARMS",1969447,"RUNARMS6A_4D.jpg"
-21.19104,55.282821,2,"ETE","NON","Saint-Leu","Cimetiere","A","RUNARMS6","RUNA","RUNA6A",6,"M","O",4,"U","RUNARMS",1969448,"RUNARMS6A_4U.jpg"
-21.19104,55.282821,2,"ETE","NON","Saint-Leu","Cimetiere","A","RUNARMS6","RUNA","RUNA6A",6,"M","O",5,"D","RUNARMS",1969449,"RUNARMS6A_5D.jpg"
-21.19104,55.282821,2,"ETE","NON","Saint-Leu","Cimetiere","A","RUNARMS6","RUNA","RUNA6A",6,"M","C",5,"U","RUNARMS",1969450,"RUNARMS6A_5U.jpg"
-21.19104,55.282821,2,"ETE","NON","Saint-Leu","Cimetiere","A","RUNARMS6","RUNA","RUNA6A",6,"M","C",6,"D","RUNARMS",1969451,"RUNARMS6A_6D.jpg"
-21.19104,55.282821,2,"ETE","NON","Saint-Leu","Cimetiere","A","RUNARMS6","RUNA","RUNA6A",6,"M","O",6,"U","RUNARMS",1969452,"RUNARMS6A_6U.jpg"
-21.19104,55.282821,2,"ETE","NON","Saint-Leu","Cimetiere","A","RUNARMS6","RUNA","RUNA6A",6,"M","O",7,"D","RUNARMS",1969453,"RUNARMS6A_7D.jpg"
-21.19104,55.282821,2,"ETE","NON","Saint-Leu","Cimetiere","A","RUNARMS6","RUNA","RUNA6A",6,"T","C",7,"U","RUNARMS",1969454,"RUNARMS6A_7U.jpg"
-21.19104,55.282821,2,"ETE","NON","Saint-Leu","Cimetiere","A","RUNARMS6","RUNA","RUNA6A",6,"T","C",8,"D","RUNARMS",1969455,"RUNARMS6A_8D.jpg"
-21.19104,55.282821,2,"ETE","NON","Saint-Leu","Cimetiere","A","RUNARMS6","RUNA","RUNA6A",6,"T","O",8,"U","RUNARMS",1969456,"RUNARMS6A_8U.jpg"
-21.19104,55.282821,2,"ETE","NON","Saint-Leu","Cimetiere","A","RUNARMS6","RUNA","RUNA6A",6,"T","O",9,"D","RUNARMS",1969457,"RUNARMS6A_9D.jpg"
-21.19104,55.282821,2,"ETE","NON","Saint-Leu","Cimetiere","B","RUNARMS6","RUNA","RUNA6B",6,"B","C",1,"U","RUNARMS",1971707,"RUNARMS6B_1U.jpg"
-21.19104,55.282821,2,"ETE","NON","Saint-Leu","Cimetiere","B","RUNARMS6","RUNA","RUNA6B",6,"B","C",2,"D","RUNARMS",1971708,"RUNARMS6B_2D.jpg"
-21.19104,55.282821,2,"ETE","NON","Saint-Leu","Cimetiere","B","RUNARMS6","RUNA","RUNA6B",6,"B","O",2,"U","RUNARMS",1971709,"RUNARMS6B_2U.jpg"
-21.19104,55.282821,2,"ETE","NON","Saint-Leu","Cimetiere","B","RUNARMS6","RUNA","RUNA6B",6,"B","O",3,"D","RUNARMS",1971710,"RUNARMS6B_3D.jpg"
-21.19104,55.282821,2,"ETE","NON","Saint-Leu","Cimetiere","B","RUNARMS6","RUNA","RUNA6B",6,"M","C",3,"U","RUNARMS",1971711,"RUNARMS6B_3U.jpg"
-21.19104,55.282821,2,"ETE","NON","Saint-Leu","Cimetiere","B","RUNARMS6","RUNA","RUNA6B",6,"M","C",4,"D","RUNARMS",1971712,"RUNARMS6B_4D.jpg"
-21.19104,55.282821,2,"ETE","NON","Saint-Leu","Cimetiere","B","RUNARMS6","RUNA","RUNA6B",6,"M","O",4,"U","RUNARMS",1971714,"RUNARMS6B_4U.jpg"
-21.19104,55.282821,2,"ETE","NON","Saint-Leu","Cimetiere","B","RUNARMS6","RUNA","RUNA6B",6,"M","O",5,"D","RUNARMS",1971716,"RUNARMS6B_5D.jpg"
-21.19104,55.282821,2,"ETE","NON","Saint-Leu","Cimetiere","B","RUNARMS6","RUNA","RUNA6B",6,"M","C",5,"U","RUNARMS",1971717,"RUNARMS6B_5U.jpg"
-21.19104,55.282821,2,"ETE","NON","Saint-Leu","Cimetiere","B","RUNARMS6","RUNA","RUNA6B",6,"M","C",6,"D","RUNARMS",1971719,"RUNARMS6B_6D.jpg"
-21.19104,55.282821,2,"ETE","NON","Saint-Leu","Cimetiere","B","RUNARMS6","RUNA","RUNA6B",6,"M","O",6,"U","RUNARMS",1971721,"RUNARMS6B_6U.jpg"
-21.19104,55.282821,2,"ETE","NON","Saint-Leu","Cimetiere","B","RUNARMS6","RUNA","RUNA6B",6,"M","O",7,"D","RUNARMS",1971722,"RUNARMS6B_7D.jpg"
-21.19104,55.282821,2,"ETE","NON","Saint-Leu","Cimetiere","B","RUNARMS6","RUNA","RUNA6B",6,"T","C",7,"U","RUNARMS",1971724,"RUNARMS6B_7U.jpg"
-21.19104,55.282821,2,"ETE","NON","Saint-Leu","Cimetiere","B","RUNARMS6","RUNA","RUNA6B",6,"T","C",8,"D","RUNARMS",1971726,"RUNARMS6B_8D.jpg"
-21.19104,55.282821,2,"ETE","NON","Saint-Leu","Cimetiere","B","RUNARMS6","RUNA","RUNA6B",6,"T","O",8,"U","RUNARMS",1971727,"RUNARMS6B_8U.jpg"
-21.19104,55.282821,2,"ETE","NON","Saint-Leu","Cimetiere","B","RUNARMS6","RUNA","RUNA6B",6,"T","O",9,"D","RUNARMS",1971729,"RUNARMS6B_9D.jpg"
-21.19104,55.282821,2,"ETE","NON","Saint-Leu","Cimetiere","C","RUNARMS6","RUNA","RUNA6C",6,"B","C",1,"U","RUNARMS",1972589,"RUNARMS6C_1U.jpg"
-21.19104,55.282821,2,"ETE","NON","Saint-Leu","Cimetiere","C","RUNARMS6","RUNA","RUNA6C",6,"B","C",2,"D","RUNARMS",1972590,"RUNARMS6C_2D.jpg"
-21.19104,55.282821,2,"ETE","NON","Saint-Leu","Cimetiere","C","RUNARMS6","RUNA","RUNA6C",6,"B","O",2,"U","RUNARMS",1972591,"RUNARMS6C_2U.jpg"
-21.19104,55.282821,2,"ETE","NON","Saint-Leu","Cimetiere","C","RUNARMS6","RUNA","RUNA6C",6,"B","O",3,"D","RUNARMS",1972592,"RUNARMS6C_3D.jpg"
-21.19104,55.282821,2,"ETE","NON","Saint-Leu","Cimetiere","C","RUNARMS6","RUNA","RUNA6C",6,"M","C",3,"U","RUNARMS",1972593,"RUNARMS6C_3U.jpg"
-21.19104,55.282821,2,"ETE","NON","Saint-Leu","Cimetiere","C","RUNARMS6","RUNA","RUNA6C",6,"M","C",4,"D","RUNARMS",1972594,"RUNARMS6C_4D.jpg"
-21.19104,55.282821,2,"ETE","NON","Saint-Leu","Cimetiere","C","RUNARMS6","RUNA","RUNA6C",6,"M","O",4,"U","RUNARMS",1972595,"RUNARMS6C_4U.jpg"
-21.19104,55.282821,2,"ETE","NON","Saint-Leu","Cimetiere","C","RUNARMS6","RUNA","RUNA6C",6,"M","O",5,"D","RUNARMS",1972596,"RUNARMS6C_5D.jpg"
-21.19104,55.282821,2,"ETE","NON","Saint-Leu","Cimetiere","C","RUNARMS6","RUNA","RUNA6C",6,"M","C",5,"U","RUNARMS",1972597,"RUNARMS6C_5U.jpg"
-21.19104,55.282821,2,"ETE","NON","Saint-Leu","Cimetiere","C","RUNARMS6","RUNA","RUNA6C",6,"M","C",6,"D","RUNARMS",1972598,"RUNARMS6C_6D.jpg"
-21.19104,55.282821,2,"ETE","NON","Saint-Leu","Cimetiere","C","RUNARMS6","RUNA","RUNA6C",6,"M","O",6,"U","RUNARMS",1972599,"RUNARMS6C_6U.jpg"
-21.19104,55.282821,2,"ETE","NON","Saint-Leu","Cimetiere","C","RUNARMS6","RUNA","RUNA6C",6,"M","O",7,"D","RUNARMS",1972600,"RUNARMS6C_7D.jpg"
-21.19104,55.282821,2,"ETE","NON","Saint-Leu","Cimetiere","C","RUNARMS6","RUNA","RUNA6C",6,"T","C",7,"U","RUNARMS",1972601,"RUNARMS6C_7U.jpg"
-21.19104,55.282821,2,"ETE","NON","Saint-Leu","Cimetiere","C","RUNARMS6","RUNA","RUNA6C",6,"T","C",8,"D","RUNARMS",1972602,"RUNARMS6C_8D.jpg"
-21.19104,55.282821,2,"ETE","NON","Saint-Leu","Cimetiere","C","RUNARMS6","RUNA","RUNA6C",6,"T","O",8,"U","RUNARMS",1972603,"RUNARMS6C_8U.jpg"
-21.19104,55.282821,2,"ETE","NON","Saint-Leu","Cimetiere","C","RUNARMS6","RUNA","RUNA6C",6,"T","O",9,"D","RUNARMS",1972604,"RUNARMS6C_9D.jpg"
-21.269565,55.327891,2,"ETE","OUI","Etang Salé","Sanctuaire ES","A","RUNARMS7","RUNA","RUNA7A",7,"B","C",1,"U","RUNARMS",1961608,"RUNARMS7A_1U.jpg"
-21.269565,55.327891,2,"ETE","OUI","Etang Salé","Sanctuaire ES","A","RUNARMS7","RUNA","RUNA7A",7,"B","C",2,"D","RUNARMS",1961610,"RUNARMS7A_2D.jpg"
-21.269565,55.327891,2,"ETE","OUI","Etang Salé","Sanctuaire ES","A","RUNARMS7","RUNA","RUNA7A",7,"B","O",2,"U","RUNARMS",1961611,"RUNARMS7A_2U.jpg"
-21.269565,55.327891,2,"ETE","OUI","Etang Salé","Sanctuaire ES","A","RUNARMS7","RUNA","RUNA7A",7,"B","O",3,"D","RUNARMS",1961612,"RUNARMS7A_3D.jpg"
-21.269565,55.327891,2,"ETE","OUI","Etang Salé","Sanctuaire ES","A","RUNARMS7","RUNA","RUNA7A",7,"M","C",3,"U","RUNARMS",1961614,"RUNARMS7A_3U.jpg"
-21.269565,55.327891,2,"ETE","OUI","Etang Salé","Sanctuaire ES","A","RUNARMS7","RUNA","RUNA7A",7,"M","C",4,"D","RUNARMS",1961615,"RUNARMS7A_4D.jpg"
-21.269565,55.327891,2,"ETE","OUI","Etang Salé","Sanctuaire ES","A","RUNARMS7","RUNA","RUNA7A",7,"M","O",4,"U","RUNARMS",1961617,"RUNARMS7A_4U.jpg"
-21.269565,55.327891,2,"ETE","OUI","Etang Salé","Sanctuaire ES","A","RUNARMS7","RUNA","RUNA7A",7,"M","O",5,"D","RUNARMS",1961618,"RUNARMS7A_5D.jpg"
-21.269565,55.327891,2,"ETE","OUI","Etang Salé","Sanctuaire ES","A","RUNARMS7","RUNA","RUNA7A",7,"M","C",5,"U","RUNARMS",1961619,"RUNARMS7A_5U.jpg"
-21.269565,55.327891,2,"ETE","OUI","Etang Salé","Sanctuaire ES","A","RUNARMS7","RUNA","RUNA7A",7,"M","C",6,"D","RUNARMS",1961620,"RUNARMS7A_6D.jpg"
-21.269565,55.327891,2,"ETE","OUI","Etang Salé","Sanctuaire ES","A","RUNARMS7","RUNA","RUNA7A",7,"M","O",6,"U","RUNARMS",1961622,"RUNARMS7A_6U.jpg"
-21.269565,55.327891,2,"ETE","OUI","Etang Salé","Sanctuaire ES","A","RUNARMS7","RUNA","RUNA7A",7,"M","O",7,"D","RUNARMS",1961623,"RUNARMS7A_7D.jpg"
-21.269565,55.327891,2,"ETE","OUI","Etang Salé","Sanctuaire ES","A","RUNARMS7","RUNA","RUNA7A",7,"T","C",7,"U","RUNARMS",1961625,"RUNARMS7A_7U.jpg"
-21.269565,55.327891,2,"ETE","OUI","Etang Salé","Sanctuaire ES","A","RUNARMS7","RUNA","RUNA7A",7,"T","C",8,"D","RUNARMS",1961626,"RUNARMS7A_8D.jpg"
-21.269565,55.327891,2,"ETE","OUI","Etang Salé","Sanctuaire ES","A","RUNARMS7","RUNA","RUNA7A",7,"T","O",8,"U","RUNARMS",1961628,"RUNARMS7A_8U.jpg"
-21.269565,55.327891,2,"ETE","OUI","Etang Salé","Sanctuaire ES","A","RUNARMS7","RUNA","RUNA7A",7,"T","O",9,"D","RUNARMS",1961629,"RUNARMS7A_9D.jpg"
-21.269565,55.327891,2,"ETE","OUI","Etang Salé","Sanctuaire ES","B","RUNARMS7","RUNA","RUNA7B",7,"B","C",1,"U","RUNARMS",1961642,"RUNARMS7B_1U.jpg"
-21.269565,55.327891,2,"ETE","OUI","Etang Salé","Sanctuaire ES","B","RUNARMS7","RUNA","RUNA7B",7,"B","C",2,"D","RUNARMS",1961643,"RUNARMS7B_2D.jpg"
-21.269565,55.327891,2,"ETE","OUI","Etang Salé","Sanctuaire ES","B","RUNARMS7","RUNA","RUNA7B",7,"B","O",2,"U","RUNARMS",1961645,"RUNARMS7B_2U.jpg"
-21.269565,55.327891,2,"ETE","OUI","Etang Salé","Sanctuaire ES","B","RUNARMS7","RUNA","RUNA7B",7,"B","O",3,"D","RUNARMS",1961646,"RUNARMS7B_3D.jpg"
-21.269565,55.327891,2,"ETE","OUI","Etang Salé","Sanctuaire ES","B","RUNARMS7","RUNA","RUNA7B",7,"M","C",3,"U","RUNARMS",1961647,"RUNARMS7B_3U.jpg"
-21.269565,55.327891,2,"ETE","OUI","Etang Salé","Sanctuaire ES","B","RUNARMS7","RUNA","RUNA7B",7,"M","C",4,"D","RUNARMS",1961649,"RUNARMS7B_4D.jpg"
-21.269565,55.327891,2,"ETE","OUI","Etang Salé","Sanctuaire ES","B","RUNARMS7","RUNA","RUNA7B",7,"M","O",4,"U","RUNARMS",1961650,"RUNARMS7B_4U.jpg"
-21.269565,55.327891,2,"ETE","OUI","Etang Salé","Sanctuaire ES","B","RUNARMS7","RUNA","RUNA7B",7,"M","O",5,"D","RUNARMS",1961652,"RUNARMS7B_5D.jpg"
-21.269565,55.327891,2,"ETE","OUI","Etang Salé","Sanctuaire ES","B","RUNARMS7","RUNA","RUNA7B",7,"M","C",5,"U","RUNARMS",1961653,"RUNARMS7B_5U.jpg"
-21.269565,55.327891,2,"ETE","OUI","Etang Salé","Sanctuaire ES","B","RUNARMS7","RUNA","RUNA7B",7,"M","C",6,"D","RUNARMS",1961655,"RUNARMS7B_6D.jpg"
-21.269565,55.327891,2,"ETE","OUI","Etang Salé","Sanctuaire ES","B","RUNARMS7","RUNA","RUNA7B",7,"M","O",6,"U","RUNARMS",1961656,"RUNARMS7B_6U.jpg"
-21.269565,55.327891,2,"ETE","OUI","Etang Salé","Sanctuaire ES","B","RUNARMS7","RUNA","RUNA7B",7,"M","O",7,"D","RUNARMS",1961658,"RUNARMS7B_7D.jpg"
-21.269565,55.327891,2,"ETE","OUI","Etang Salé","Sanctuaire ES","B","RUNARMS7","RUNA","RUNA7B",7,"T","C",7,"U","RUNARMS",1961660,"RUNARMS7B_7U.jpg"
-21.269565,55.327891,2,"ETE","OUI","Etang Salé","Sanctuaire ES","B","RUNARMS7","RUNA","RUNA7B",7,"T","C",8,"D","RUNARMS",1961661,"RUNARMS7B_8D.jpg"
-21.269565,55.327891,2,"ETE","OUI","Etang Salé","Sanctuaire ES","B","RUNARMS7","RUNA","RUNA7B",7,"T","O",8,"U","RUNARMS",1961662,"RUNARMS7B_8U.jpg"
-21.269565,55.327891,2,"ETE","OUI","Etang Salé","Sanctuaire ES","B","RUNARMS7","RUNA","RUNA7B",7,"T","O",9,"D","RUNARMS",1961664,"RUNARMS7B_9D.jpg"
-21.269565,55.327891,2,"ETE","OUI","Etang Salé","Sanctuaire ES","C","RUNARMS7","RUNA","RUNA7C",7,"B","C",1,"U","RUNARMS",1961667,"RUNARMS7C_1U.jpg"
-21.269565,55.327891,2,"ETE","OUI","Etang Salé","Sanctuaire ES","C","RUNARMS7","RUNA","RUNA7C",7,"B","C",2,"D","RUNARMS",1961668,"RUNARMS7C_2D.jpg"
-21.269565,55.327891,2,"ETE","OUI","Etang Salé","Sanctuaire ES","C","RUNARMS7","RUNA","RUNA7C",7,"B","O",2,"U","RUNARMS",1961669,"RUNARMS7C_2U.jpg"
-21.269565,55.327891,2,"ETE","OUI","Etang Salé","Sanctuaire ES","C","RUNARMS7","RUNA","RUNA7C",7,"B","O",3,"D","RUNARMS",1961670,"RUNARMS7C_3D.jpg"
-21.269565,55.327891,2,"ETE","OUI","Etang Salé","Sanctuaire ES","C","RUNARMS7","RUNA","RUNA7C",7,"M","C",3,"U","RUNARMS",1961671,"RUNARMS7C_3U.jpg"
-21.269565,55.327891,2,"ETE","OUI","Etang Salé","Sanctuaire ES","C","RUNARMS7","RUNA","RUNA7C",7,"M","C",4,"D","RUNARMS",1961673,"RUNARMS7C_4D.jpg"
-21.269565,55.327891,2,"ETE","OUI","Etang Salé","Sanctuaire ES","C","RUNARMS7","RUNA","RUNA7C",7,"M","O",4,"U","RUNARMS",1961674,"RUNARMS7C_4U.jpg"
-21.269565,55.327891,2,"ETE","OUI","Etang Salé","Sanctuaire ES","C","RUNARMS7","RUNA","RUNA7C",7,"M","O",5,"D","RUNARMS",1961675,"RUNARMS7C_5D.jpg"
-21.269565,55.327891,2,"ETE","OUI","Etang Salé","Sanctuaire ES","C","RUNARMS7","RUNA","RUNA7C",7,"M","C",5,"U","RUNARMS",1961676,"RUNARMS7C_5U.jpg"
-21.269565,55.327891,2,"ETE","OUI","Etang Salé","Sanctuaire ES","C","RUNARMS7","RUNA","RUNA7C",7,"M","C",6,"D","RUNARMS",1961677,"RUNARMS7C_6D.jpg"
-21.269565,55.327891,2,"ETE","OUI","Etang Salé","Sanctuaire ES","C","RUNARMS7","RUNA","RUNA7C",7,"M","O",6,"U","RUNARMS",1961678,"RUNARMS7C_6U.jpg"
-21.269565,55.327891,2,"ETE","OUI","Etang Salé","Sanctuaire ES","C","RUNARMS7","RUNA","RUNA7C",7,"M","O",7,"D","RUNARMS",1961679,"RUNARMS7C_7D.jpg"
-21.269565,55.327891,2,"ETE","OUI","Etang Salé","Sanctuaire ES","C","RUNARMS7","RUNA","RUNA7C",7,"T","C",7,"U","RUNARMS",1961680,"RUNARMS7C_7U.jpg"
-21.269565,55.327891,2,"ETE","OUI","Etang Salé","Sanctuaire ES","C","RUNARMS7","RUNA","RUNA7C",7,"T","C",8,"D","RUNARMS",1961681,"RUNARMS7C_8D.jpg"
-21.269565,55.327891,2,"ETE","OUI","Etang Salé","Sanctuaire ES","C","RUNARMS7","RUNA","RUNA7C",7,"T","O",8,"U","RUNARMS",1961682,"RUNARMS7C_8U.jpg"
-21.269565,55.327891,2,"ETE","OUI","Etang Salé","Sanctuaire ES","C","RUNARMS7","RUNA","RUNA7C",7,"T","O",9,"D","RUNARMS",1961683,"RUNARMS7C_9D.jpg"
-21.35209,55.48074,2,"ETE","NON","Terre Sainte","Pointe Sud","A","RUNARMS8","RUNA","RUNA8A",8,"B","C",1,"U","RUNARMS",1972761,"RUNARMS8A_1U.jpg"
-21.35209,55.48074,2,"ETE","NON","Terre Sainte","Pointe Sud","A","RUNARMS8","RUNA","RUNA8A",8,"B","C",2,"D","RUNARMS",1972762,"RUNARMS8A_2D.jpg"
-21.35209,55.48074,2,"ETE","NON","Terre Sainte","Pointe Sud","A","RUNARMS8","RUNA","RUNA8A",8,"B","O",2,"U","RUNARMS",1972763,"RUNARMS8A_2U.jpg"
-21.35209,55.48074,2,"ETE","NON","Terre Sainte","Pointe Sud","A","RUNARMS8","RUNA","RUNA8A",8,"B","O",3,"D","RUNARMS",1972764,"RUNARMS8A_3D.jpg"
-21.35209,55.48074,2,"ETE","NON","Terre Sainte","Pointe Sud","A","RUNARMS8","RUNA","RUNA8A",8,"M","C",3,"U","RUNARMS",1972765,"RUNARMS8A_3U.jpg"
-21.35209,55.48074,2,"ETE","NON","Terre Sainte","Pointe Sud","A","RUNARMS8","RUNA","RUNA8A",8,"M","C",4,"D","RUNARMS",1972766,"RUNARMS8A_4D.jpg"
-21.35209,55.48074,2,"ETE","NON","Terre Sainte","Pointe Sud","A","RUNARMS8","RUNA","RUNA8A",8,"M","O",4,"U","RUNARMS",1972767,"RUNARMS8A_4U.jpg"
-21.35209,55.48074,2,"ETE","NON","Terre Sainte","Pointe Sud","A","RUNARMS8","RUNA","RUNA8A",8,"M","O",5,"D","RUNARMS",1972768,"RUNARMS8A_5D.jpg"
-21.35209,55.48074,2,"ETE","NON","Terre Sainte","Pointe Sud","A","RUNARMS8","RUNA","RUNA8A",8,"M","C",5,"U","RUNARMS",1972769,"RUNARMS8A_5U.jpg"
-21.35209,55.48074,2,"ETE","NON","Terre Sainte","Pointe Sud","A","RUNARMS8","RUNA","RUNA8A",8,"M","C",6,"D","RUNARMS",1972770,"RUNARMS8A_6D.jpg"
-21.35209,55.48074,2,"ETE","NON","Terre Sainte","Pointe Sud","A","RUNARMS8","RUNA","RUNA8A",8,"M","O",6,"U","RUNARMS",1972771,"RUNARMS8A_6U.jpg"
-21.35209,55.48074,2,"ETE","NON","Terre Sainte","Pointe Sud","A","RUNARMS8","RUNA","RUNA8A",8,"M","O",7,"D","RUNARMS",1972772,"RUNARMS8A_7D.jpg"
-21.35209,55.48074,2,"ETE","NON","Terre Sainte","Pointe Sud","A","RUNARMS8","RUNA","RUNA8A",8,"T","C",7,"U","RUNARMS",1972773,"RUNARMS8A_7U.jpg"
-21.35209,55.48074,2,"ETE","NON","Terre Sainte","Pointe Sud","A","RUNARMS8","RUNA","RUNA8A",8,"T","C",8,"D","RUNARMS",1972774,"RUNARMS8A_8D.jpg"
-21.35209,55.48074,2,"ETE","NON","Terre Sainte","Pointe Sud","A","RUNARMS8","RUNA","RUNA8A",8,"T","O",8,"U","RUNARMS",1972775,"RUNARMS8A_8U.jpg"
-21.35209,55.48074,2,"ETE","NON","Terre Sainte","Pointe Sud","A","RUNARMS8","RUNA","RUNA8A",8,"T","O",9,"D","RUNARMS",1972776,"RUNARMS8A_9D.jpg"
-21.35209,55.48074,2,"ETE","NON","Terre Sainte","Pointe Sud","B","RUNARMS8","RUNA","RUNA8B",8,"B","C",1,"U","RUNARMS",1972778,"RUNARMS8B_1U.jpg"
-21.35209,55.48074,2,"ETE","NON","Terre Sainte","Pointe Sud","B","RUNARMS8","RUNA","RUNA8B",8,"B","C",2,"D","RUNARMS",1972779,"RUNARMS8B_2D.jpg"
-21.35209,55.48074,2,"ETE","NON","Terre Sainte","Pointe Sud","B","RUNARMS8","RUNA","RUNA8B",8,"B","O",2,"U","RUNARMS",1972780,"RUNARMS8B_2U.jpg"
-21.35209,55.48074,2,"ETE","NON","Terre Sainte","Pointe Sud","B","RUNARMS8","RUNA","RUNA8B",8,"B","O",3,"D","RUNARMS",1972781,"RUNARMS8B_3D.jpg"
-21.35209,55.48074,2,"ETE","NON","Terre Sainte","Pointe Sud","B","RUNARMS8","RUNA","RUNA8B",8,"M","C",3,"U","RUNARMS",1972782,"RUNARMS8B_3U.jpg"
-21.35209,55.48074,2,"ETE","NON","Terre Sainte","Pointe Sud","B","RUNARMS8","RUNA","RUNA8B",8,"M","C",4,"D","RUNARMS",1972783,"RUNARMS8B_4D.jpg"
-21.35209,55.48074,2,"ETE","NON","Terre Sainte","Pointe Sud","B","RUNARMS8","RUNA","RUNA8B",8,"M","O",4,"U","RUNARMS",1972784,"RUNARMS8B_4U.jpg"
-21.35209,55.48074,2,"ETE","NON","Terre Sainte","Pointe Sud","B","RUNARMS8","RUNA","RUNA8B",8,"M","O",5,"D","RUNARMS",1972785,"RUNARMS8B_5D.jpg"
-21.35209,55.48074,2,"ETE","NON","Terre Sainte","Pointe Sud","B","RUNARMS8","RUNA","RUNA8B",8,"M","C",5,"U","RUNARMS",1972786,"RUNARMS8B_5U.jpg"
-21.35209,55.48074,2,"ETE","NON","Terre Sainte","Pointe Sud","B","RUNARMS8","RUNA","RUNA8B",8,"M","C",6,"D","RUNARMS",1972787,"RUNARMS8B_6D.jpg"
-21.35209,55.48074,2,"ETE","NON","Terre Sainte","Pointe Sud","B","RUNARMS8","RUNA","RUNA8B",8,"M","O",6,"U","RUNARMS",1972788,"RUNARMS8B_6U.jpg"
-21.35209,55.48074,2,"ETE","NON","Terre Sainte","Pointe Sud","B","RUNARMS8","RUNA","RUNA8B",8,"M","O",7,"D","RUNARMS",1972789,"RUNARMS8B_7D.jpg"
-21.35209,55.48074,2,"ETE","NON","Terre Sainte","Pointe Sud","B","RUNARMS8","RUNA","RUNA8B",8,"T","C",7,"U","RUNARMS",1972790,"RUNARMS8B_7U.jpg"
-21.35209,55.48074,2,"ETE","NON","Terre Sainte","Pointe Sud","B","RUNARMS8","RUNA","RUNA8B",8,"T","C",8,"D","RUNARMS",1972791,"RUNARMS8B_8D.jpg"
-21.35209,55.48074,2,"ETE","NON","Terre Sainte","Pointe Sud","B","RUNARMS8","RUNA","RUNA8B",8,"T","O",8,"U","RUNARMS",1972792,"RUNARMS8B_8U.jpg"
-21.35209,55.48074,2,"ETE","NON","Terre Sainte","Pointe Sud","B","RUNARMS8","RUNA","RUNA8B",8,"T","O",9,"D","RUNARMS",1972793,"RUNARMS8B_9D.jpg"
-21.35209,55.48074,2,"ETE","NON","Terre Sainte","Pointe Sud","C","RUNARMS8","RUNA","RUNA8C",8,"B","C",1,"U","RUNARMS",1973951,"RUNARMS8C_1U.jpg"
-21.35209,55.48074,2,"ETE","NON","Terre Sainte","Pointe Sud","C","RUNARMS8","RUNA","RUNA8C",8,"B","C",2,"D","RUNARMS",1973952,"RUNARMS8C_2D.jpg"
-21.35209,55.48074,2,"ETE","NON","Terre Sainte","Pointe Sud","C","RUNARMS8","RUNA","RUNA8C",8,"B","O",2,"U","RUNARMS",1973953,"RUNARMS8C_2U.jpg"
-21.35209,55.48074,2,"ETE","NON","Terre Sainte","Pointe Sud","C","RUNARMS8","RUNA","RUNA8C",8,"B","O",3,"D","RUNARMS",1973954,"RUNARMS8C_3D.jpg"
-21.35209,55.48074,2,"ETE","NON","Terre Sainte","Pointe Sud","C","RUNARMS8","RUNA","RUNA8C",8,"M","C",3,"U","RUNARMS",1973955,"RUNARMS8C_3U.jpg"
-21.35209,55.48074,2,"ETE","NON","Terre Sainte","Pointe Sud","C","RUNARMS8","RUNA","RUNA8C",8,"M","C",4,"D","RUNARMS",1973957,"RUNARMS8C_4D.jpg"
-21.35209,55.48074,2,"ETE","NON","Terre Sainte","Pointe Sud","C","RUNARMS8","RUNA","RUNA8C",8,"M","O",4,"U","RUNARMS",1973958,"RUNARMS8C_4U.jpg"
-21.35209,55.48074,2,"ETE","NON","Terre Sainte","Pointe Sud","C","RUNARMS8","RUNA","RUNA8C",8,"M","O",5,"D","RUNARMS",1973959,"RUNARMS8C_5D.jpg"
-21.35209,55.48074,2,"ETE","NON","Terre Sainte","Pointe Sud","C","RUNARMS8","RUNA","RUNA8C",8,"M","C",5,"U","RUNARMS",1973960,"RUNARMS8C_5U.jpg"
-21.35209,55.48074,2,"ETE","NON","Terre Sainte","Pointe Sud","C","RUNARMS8","RUNA","RUNA8C",8,"M","C",6,"D","RUNARMS",1973961,"RUNARMS8C_6D.jpg"
-21.35209,55.48074,2,"ETE","NON","Terre Sainte","Pointe Sud","C","RUNARMS8","RUNA","RUNA8C",8,"M","O",6,"U","RUNARMS",1973962,"RUNARMS8C_6U.jpg"
-21.35209,55.48074,2,"ETE","NON","Terre Sainte","Pointe Sud","C","RUNARMS8","RUNA","RUNA8C",8,"M","O",7,"D","RUNARMS",1973964,"RUNARMS8C_7D.jpg"
-21.35209,55.48074,2,"ETE","NON","Terre Sainte","Pointe Sud","C","RUNARMS8","RUNA","RUNA8C",8,"T","C",7,"U","RUNARMS",1973965,"RUNARMS8C_7U.jpg"
-21.35209,55.48074,2,"ETE","NON","Terre Sainte","Pointe Sud","C","RUNARMS8","RUNA","RUNA8C",8,"T","C",8,"D","RUNARMS",1973966,"RUNARMS8C_8D.jpg"
-21.35209,55.48074,2,"ETE","NON","Terre Sainte","Pointe Sud","C","RUNARMS8","RUNA","RUNA8C",8,"T","O",8,"U","RUNARMS",1973967,"RUNARMS8C_8U.jpg"
-21.35209,55.48074,2,"ETE","NON","Terre Sainte","Pointe Sud","C","RUNARMS8","RUNA","RUNA8C",8,"T","O",9,"D","RUNARMS",1973968,"RUNARMS8C_9D.jpg"
-21.37236,55.54692,2,"ETE","NON","Petit-île","Grand Bois","A","RUNARMS9","RUNA","RUNA9A",9,"B","C",1,"U","RUNARMS",1946585,"RUNARMS9A_1U.jpg"
-21.37236,55.54692,2,"ETE","NON","Petit-île","Grand Bois","A","RUNARMS9","RUNA","RUNA9A",9,"B","C",2,"D","RUNARMS",1946586,"RUNARMS9A_2D.jpg"
-21.37236,55.54692,2,"ETE","NON","Petit-île","Grand Bois","A","RUNARMS9","RUNA","RUNA9A",9,"B","O",2,"U","RUNARMS",1946587,"RUNARMS9A_2U.jpg"
-21.37236,55.54692,2,"ETE","NON","Petit-île","Grand Bois","A","RUNARMS9","RUNA","RUNA9A",9,"B","O",3,"D","RUNARMS",1946588,"RUNARMS9A_3D.jpg"
-21.37236,55.54692,2,"ETE","NON","Petit-île","Grand Bois","A","RUNARMS9","RUNA","RUNA9A",9,"M","C",3,"U","RUNARMS",1946589,"RUNARMS9A_3U.jpg"
-21.37236,55.54692,2,"ETE","NON","Petit-île","Grand Bois","A","RUNARMS9","RUNA","RUNA9A",9,"M","C",4,"D","RUNARMS",1946590,"RUNARMS9A_4D.jpg"
-21.37236,55.54692,2,"ETE","NON","Petit-île","Grand Bois","A","RUNARMS9","RUNA","RUNA9A",9,"M","O",4,"U","RUNARMS",1946591,"RUNARMS9A_4U.jpg"
-21.37236,55.54692,2,"ETE","NON","Petit-île","Grand Bois","A","RUNARMS9","RUNA","RUNA9A",9,"M","O",5,"D","RUNARMS",1946592,"RUNARMS9A_5D.jpg"
-21.37236,55.54692,2,"ETE","NON","Petit-île","Grand Bois","A","RUNARMS9","RUNA","RUNA9A",9,"M","C",5,"U","RUNARMS",1946593,"RUNARMS9A_5U.jpg"
-21.37236,55.54692,2,"ETE","NON","Petit-île","Grand Bois","A","RUNARMS9","RUNA","RUNA9A",9,"M","C",6,"D","RUNARMS",1946594,"RUNARMS9A_6D.jpg"
-21.37236,55.54692,2,"ETE","NON","Petit-île","Grand Bois","A","RUNARMS9","RUNA","RUNA9A",9,"M","O",6,"U","RUNARMS",1946595,"RUNARMS9A_6U.jpg"
-21.37236,55.54692,2,"ETE","NON","Petit-île","Grand Bois","A","RUNARMS9","RUNA","RUNA9A",9,"M","O",7,"D","RUNARMS",1946596,"RUNARMS9A_7D.jpg"
-21.37236,55.54692,2,"ETE","NON","Petit-île","Grand Bois","A","RUNARMS9","RUNA","RUNA9A",9,"T","C",7,"U","RUNARMS",1946597,"RUNARMS9A_7U.jpg"
-21.37236,55.54692,2,"ETE","NON","Petit-île","Grand Bois","A","RUNARMS9","RUNA","RUNA9A",9,"T","C",8,"D","RUNARMS",1946598,"RUNARMS9A_8D.jpg"
-21.37236,55.54692,2,"ETE","NON","Petit-île","Grand Bois","A","RUNARMS9","RUNA","RUNA9A",9,"T","O",8,"U","RUNARMS",1946599,"RUNARMS9A_8U.jpg"
-21.37236,55.54692,2,"ETE","NON","Petit-île","Grand Bois","A","RUNARMS9","RUNA","RUNA9A",9,"T","O",9,"D","RUNARMS",1946600,"RUNARMS9A_9D.jpg"
-21.37236,55.54692,2,"ETE","NON","Petit-île","Grand Bois","B","RUNARMS9","RUNA","RUNA9B",9,"B","C",1,"U","RUNARMS",1946892,"RUNARMS9B_1U.jpg"
-21.37236,55.54692,2,"ETE","NON","Petit-île","Grand Bois","B","RUNARMS9","RUNA","RUNA9B",9,"B","C",2,"D","RUNARMS",1946893,"RUNARMS9B_2D.jpg"
-21.37236,55.54692,2,"ETE","NON","Petit-île","Grand Bois","B","RUNARMS9","RUNA","RUNA9B",9,"B","O",2,"U","RUNARMS",1946894,"RUNARMS9B_2U.jpg"
-21.37236,55.54692,2,"ETE","NON","Petit-île","Grand Bois","B","RUNARMS9","RUNA","RUNA9B",9,"B","O",3,"D","RUNARMS",1946895,"RUNARMS9B_3D.jpg"
-21.37236,55.54692,2,"ETE","NON","Petit-île","Grand Bois","B","RUNARMS9","RUNA","RUNA9B",9,"M","C",3,"U","RUNARMS",1946896,"RUNARMS9B_3U.jpg"
-21.37236,55.54692,2,"ETE","NON","Petit-île","Grand Bois","B","RUNARMS9","RUNA","RUNA9B",9,"M","C",4,"D","RUNARMS",1946897,"RUNARMS9B_4D.jpg"
-21.37236,55.54692,2,"ETE","NON","Petit-île","Grand Bois","B","RUNARMS9","RUNA","RUNA9B",9,"M","O",4,"U","RUNARMS",1946898,"RUNARMS9B_4U.jpg"
-21.37236,55.54692,2,"ETE","NON","Petit-île","Grand Bois","B","RUNARMS9","RUNA","RUNA9B",9,"M","O",5,"D","RUNARMS",1946899,"RUNARMS9B_5D.jpg"
-21.37236,55.54692,2,"ETE","NON","Petit-île","Grand Bois","B","RUNARMS9","RUNA","RUNA9B",9,"M","C",5,"U","RUNARMS",1946900,"RUNARMS9B_5U.jpg"
-21.37236,55.54692,2,"ETE","NON","Petit-île","Grand Bois","B","RUNARMS9","RUNA","RUNA9B",9,"M","C",6,"D","RUNARMS",1946901,"RUNARMS9B_6D.jpg"
-21.37236,55.54692,2,"ETE","NON","Petit-île","Grand Bois","B","RUNARMS9","RUNA","RUNA9B",9,"M","O",6,"U","RUNARMS",1946902,"RUNARMS9B_6U.jpg"
-21.37236,55.54692,2,"ETE","NON","Petit-île","Grand Bois","B","RUNARMS9","RUNA","RUNA9B",9,"M","O",7,"D","RUNARMS",1946903,"RUNARMS9B_7D.jpg"
-21.37236,55.54692,2,"ETE","NON","Petit-île","Grand Bois","B","RUNARMS9","RUNA","RUNA9B",9,"T","C",7,"U","RUNARMS",1946904,"RUNARMS9B_7U.jpg"
-21.37236,55.54692,2,"ETE","NON","Petit-île","Grand Bois","B","RUNARMS9","RUNA","RUNA9B",9,"T","C",8,"D","RUNARMS",1946905,"RUNARMS9B_8D.jpg"
-21.37236,55.54692,2,"ETE","NON","Petit-île","Grand Bois","B","RUNARMS9","RUNA","RUNA9B",9,"T","O",8,"U","RUNARMS",1946906,"RUNARMS9B_8U.jpg"
-21.37236,55.54692,2,"ETE","NON","Petit-île","Grand Bois","B","RUNARMS9","RUNA","RUNA9B",9,"T","O",9,"D","RUNARMS",1946907,"RUNARMS9B_9D.jpg"
-21.37236,55.54692,2,"ETE","NON","Petit-île","Grand Bois","C","RUNARMS9","RUNA","RUNA9C",9,"B","C",1,"U","RUNARMS",1947030,"RUNARMS9C_1U.jpg"
-21.37236,55.54692,2,"ETE","NON","Petit-île","Grand Bois","C","RUNARMS9","RUNA","RUNA9C",9,"B","C",2,"D","RUNARMS",1947031,"RUNARMS9C_2D.jpg"
-21.37236,55.54692,2,"ETE","NON","Petit-île","Grand Bois","C","RUNARMS9","RUNA","RUNA9C",9,"B","O",2,"U","RUNARMS",1947032,"RUNARMS9C_2U.jpg"
-21.37236,55.54692,2,"ETE","NON","Petit-île","Grand Bois","C","RUNARMS9","RUNA","RUNA9C",9,"B","O",3,"D","RUNARMS",1947033,"RUNARMS9C_3D.jpg"
-21.37236,55.54692,2,"ETE","NON","Petit-île","Grand Bois","C","RUNARMS9","RUNA","RUNA9C",9,"M","C",3,"U","RUNARMS",1947034,"RUNARMS9C_3U.jpg"
-21.37236,55.54692,2,"ETE","NON","Petit-île","Grand Bois","C","RUNARMS9","RUNA","RUNA9C",9,"M","C",4,"D","RUNARMS",1947035,"RUNARMS9C_4D.jpg"
-21.37236,55.54692,2,"ETE","NON","Petit-île","Grand Bois","C","RUNARMS9","RUNA","RUNA9C",9,"M","O",4,"U","RUNARMS",1947036,"RUNARMS9C_4U.jpg"
-21.37236,55.54692,2,"ETE","NON","Petit-île","Grand Bois","C","RUNARMS9","RUNA","RUNA9C",9,"M","O",5,"D","RUNARMS",1947037,"RUNARMS9C_5D.jpg"
-21.37236,55.54692,2,"ETE","NON","Petit-île","Grand Bois","C","RUNARMS9","RUNA","RUNA9C",9,"M","C",5,"U","RUNARMS",1947038,"RUNARMS9C_5U.jpg"
-21.37236,55.54692,2,"ETE","NON","Petit-île","Grand Bois","C","RUNARMS9","RUNA","RUNA9C",9,"M","C",6,"D","RUNARMS",1947039,"RUNARMS9C_6D.jpg"
-21.37236,55.54692,2,"ETE","NON","Petit-île","Grand Bois","C","RUNARMS9","RUNA","RUNA9C",9,"M","O",6,"U","RUNARMS",1947040,"RUNARMS9C_6U.jpg"
-21.37236,55.54692,2,"ETE","NON","Petit-île","Grand Bois","C","RUNARMS9","RUNA","RUNA9C",9,"M","O",7,"D","RUNARMS",1947041,"RUNARMS9C_7D.jpg"
-21.37236,55.54692,2,"ETE","NON","Petit-île","Grand Bois","C","RUNARMS9","RUNA","RUNA9C",9,"T","C",7,"U","RUNARMS",1947042,"RUNARMS9C_7U.jpg"
-21.37236,55.54692,2,"ETE","NON","Petit-île","Grand Bois","C","RUNARMS9","RUNA","RUNA9C",9,"T","C",8,"D","RUNARMS",1947043,"RUNARMS9C_8D.jpg"
-21.37236,55.54692,2,"ETE","NON","Petit-île","Grand Bois","C","RUNARMS9","RUNA","RUNA9C",9,"T","O",8,"U","RUNARMS",1947044,"RUNARMS9C_8U.jpg"
-21.37236,55.54692,2,"ETE","NON","Petit-île","Grand Bois","C","RUNARMS9","RUNA","RUNA9C",9,"T","O",9,"D","RUNARMS",1947045,"RUNARMS9C_9D.jpg"
